{"stats":{"minecraft:broken":{"minecraft:iron_shovel":1,"minecraft:stone_pickaxe":1,"minecraft:stone_axe":1,"minecraft:iron_sword":1,"minecraft:shield":1,"minecraft:iron_axe":4,"minecraft:iron_pickaxe":1},"minecraft:custom":{"minecraft:interact_with_crafting_table":119,"minecraft:open_barrel":15,"goblintraders:trade_with_goblin":40,"minecraft:bell_ring":3,"minecraft:leave_game":11,"minecraft:time_since_death":149510,"minecraft:sprint_one_cm":1006183,"minecraft:damage_blocked_by_shield":5400,"minecraft:drop":187,"minecraft:talked_to_villager":11,"minecraft:play_time":1111463,"minecraft:deaths":10,"minecraft:interact_with_brewingstand":7,"minecraft:jump":9772,"minecraft:walk_on_water_one_cm":24896,"minecraft:interact_with_furnace":238,"minecraft:sleep_in_bed":66,"minecraft:damage_dealt":47812,"minecraft:crouch_one_cm":328795,"minecraft:interact_with_smoker":66,"minecraft:interact_with_smithing_table":1,"minecraft:interact_with_anvil":4,"minecraft:mob_kills":272,"minecraft:climb_one_cm":101998,"minecraft:walk_one_cm":2369220,"minecraft:raid_win":1,"minecraft:sneak_time":97245,"minecraft:walk_under_water_one_cm":17690,"minecraft:boat_one_cm":180210,"minecraft:interact_with_blast_furnace":21,"minecraft:total_world_time":1111463,"minecraft:raid_trigger":1,"minecraft:interact_with_grindstone":2,"minecraft:interact_with_stonecutter":4,"minecraft:time_since_rest":14646,"minecraft:damage_absorbed":120,"minecraft:damage_taken":11723,"minecraft:swim_one_cm":7938,"minecraft:fly_one_cm":1352793,"minecraft:open_chest":537,"minecraft:fall_one_cm":258554},"minecraft:used":{"chipped:small_green_lantern":1,"minecraft:iron_shovel":510,"minecraft:polished_deepslate":80,"minecraft:polished_blackstone":60,"minecraft:spruce_slab":96,"minecraft:poppy":3,"minecraft:shield":116,"minecraft:iron_sword":250,"minecraft:grass":39,"minecraft:rotten_flesh":7,"minecraft:iron_chestplate":1,"minecraft:carrot":4,"minecraft:deepslate_tile_slab":188,"suppsquared:gold_candle_holder":1,"minecraft:spruce_boat":1,"minecraft:glass":12,"minecraft:grass_block":539,"friendsandfoes:totem_of_illusion":2,"minecraft:lantern":7,"minecraft:iron_helmet":1,"minecraft:stone_brick_stairs":73,"minecraft:stone_bricks":1096,"minecraft:bow":2,"minecraft:hay_block":8,"minecraft:scaffolding":425,"minecraft:oak_sapling":7,"minecraft:furnace":17,"culturaldelights:avocado":1,"winterly:cryomarble_pickaxe":408,"minecraft:mossy_stone_bricks":30,"minecraft:damaged_anvil":1,"minecraft:spruce_door":19,"suppsquared:copper_lantern":1,"minecraft:oak_planks":7,"minecraft:stone_pickaxe":133,"minecraft:wooden_pickaxe":8,"minecraft:diamond_axe":1603,"chipped:magenta_flower_spruce_leaves":3,"winterly:cryomarble_sword":244,"minecraft:oak_leaves":15,"minecraft:golden_apple":3,"chipped:tall_lantern":2,"supplementaries:candle_holder":1,"minecraft:blast_furnace":4,"minecraft:crossbow":16,"chipped:calcite_bricks":897,"minecraft:stone_brick_wall":32,"minecraft:shears":147,"minecraft:lightning_rod":1,"minecraft:deepslate_tiles":339,"minecraft:melon_slice":75,"minecraft:string":1,"minecraft:bread":27,"minecraft:lectern":14,"chipped:burning_coal_lantern":1,"promenade:blunite":2,"handcrafted:oak_fancy_bed":1,"minecraft:grindstone":1,"minecraft:cooked_rabbit":1,"promenade:flowering_azalea_leaf_pile":4,"minecraft:oak_boat":3,"minecraft:oak_trapdoor":24,"betterend:umbralith_flower_pot":1,"culturaldelights:avocado_toast":10,"minecraft:stone_sword":118,"minecraft:stone_shovel":12,"minecraft:spruce_planks":1118,"chipped:iron_bowl_lantern":1,"minecraft:torch":152,"minecraft:dirt":849,"minecraft:spruce_stairs":263,"charm:spruce_chest":6,"villagersplus:spruce_horticulturist_table":1,"minecraft:granite":8,"minecraft:spruce_fence":60,"minecraft:polished_diorite":51,"minecraft:stone_brick_slab":55,"minecraft:dark_oak_planks":197,"minecraft:iron_axe":1309,"minecraft:spruce_button":7,"chipped:donut_lantern":1,"minecraft:iron_boots":1,"minecraft:black_stained_glass":24,"charm:oak_chest":5,"minecraft:deepslate_tile_stairs":1229,"comforts:sleeping_bag_white":66,"betterend:flavolite_flower_pot":1,"minecraft:cooked_beef":22,"minecraft:cobbled_deepslate":69,"minecraft:calcite":14,"minecraft:cooked_mutton":34,"minecraft:bundle":3,"minecraft:polished_andesite":21,"the_bumblezone:super_candle_red":1,"minecraft:stonecutter":1,"minecraft:spruce_fence_gate":50,"minecraft:cracked_stone_bricks":28,"minecraft:mossy_cobblestone":33,"minecraft:crafting_table":15,"minecraft:campfire":9,"minecraft:infested_stone_bricks":17,"minecraft:spruce_log":1,"justhammers:iron_hammer":831,"minecraft:smoker":8,"minecraft:deepslate_tile_wall":1,"minecraft:oak_log":925,"minecraft:flower_pot":1,"edenring:guide_book":1,"minecraft:apple":2,"minecraft:oxeye_daisy":3,"minecraft:diamond_shovel":271,"minecraft:iron_pickaxe":1296,"betterend:iron_hammer":3,"sawmill:sawmill":1,"another_furniture:spruce_flower_box":4,"minecraft:spruce_trapdoor":641,"chipped:wide_lantern":1,"minecraft:stone_axe":117,"twigs:twig":1,"minecraft:chiseled_stone_bricks":2,"chipped:checkered_iron_lantern":1,"minecraft:cobblestone":72,"minecraft:white_banner":1,"betterend:sulphuric_rock_flower_pot":2,"minecraft:cooked_porkchop":32,"minecraft:glass_pane":43},"minecraft:dropped":{"minecraft:iron_sword":1,"minecraft:diamond_axe":1,"minecraft:oak_log":448,"minecraft:glass_bottle":6,"minecraft:cooked_porkchop":1,"minecraft:crossbow":1,"minecraft:leather":1,"minecraft:mossy_stone_brick_stairs":3,"minecraft:cracked_stone_bricks":1,"snowyspirit:ginger_flower":1,"minecraft:flint":3,"minecraft:emerald":5,"twigs:pebble":3,"minecraft:dirt":8,"minecraft:grass":7,"minecraft:cornflower":1,"minecraft:mutton":5,"minecraft:gold_nugget":36,"minecraft:iron_pickaxe":1,"minecraft:birch_log":6,"minecraft:white_wool":24,"twigs:twig":101,"minecraft:bone":7,"minecraft:stone_axe":1,"minecraft:iron_nugget":16,"minecraft:cobbled_deepslate":10,"minecraft:wheat":11,"minecraft:rotten_flesh":21,"minecraft:oak_planks":3,"justhammers:iron_hammer":1,"minecraft:rabbit_foot":1,"minecraft:chainmail_chestplate":1,"supplementaries:flax_seeds":3,"mythic_charms:deepslate_fragment":11,"minecraft:gunpowder":9,"promenade:blunite":7,"minecraft:charcoal":4,"minecraft:melon_seeds":3,"minecraft:chainmail_boots":1,"minecraft:iron_ore":10,"minecraft:arrow":1,"minecraft:vine":2,"minecraft:wheat_seeds":73,"illagerinvasion:platinum_infused_hatchet":1,"minecraft:cobblestone":168,"minecraft:book":3,"minecraft:granite":3,"minecraft:chainmail_helmet":1,"minecraft:grass_block":1,"minecraft:stick":6,"minecraft:diorite":8,"mythic_charms:experience_nugget":25,"minecraft:melon_slice":4,"minecraft:potion":3,"minecraft:white_banner":3,"minecraft:stonecutter":1,"minecraft:iron_axe":1,"minecraft:iron_shovel":1,"minecraft:chainmail_leggings":1,"minecraft:paper":2,"minecraft:string":6,"twigs:opaline_seashell":1,"hybrid-aquatic:ghost_crab_claw":2,"minecraft:spruce_sapling":93,"minecraft:redstone":13,"twigs:rhyolite":18,"minecraft:stone_sword":1,"minecraft:raw_copper":26,"minecraft:tuff":28,"minecraft:raw_iron":2,"minecraft:stone_shovel":1,"minecraft:light_gray_wool":1,"supplementaries:quiver":1,"minecraft:shield":2,"culturaldelights:avocado":2,"minecraft:spruce_trapdoor":1,"minecraft:bundle":1,"minecraft:andesite":26,"minecraft:mossy_stone_bricks":2,"minecraft:oak_sapling":3,"minecraft:stone_pressure_plate":4,"minecraft:stone_bricks":9,"minecraft:spruce_log":64,"minecraft:slime_ball":2,"minecraft:bow":3,"minecraft:wooden_pickaxe":2},"minecraft:picked_up":{"minecraft:wheat":11,"minecraft:chainmail_boots":1,"minecraft:flower_pot":1,"mythic_charms:deepslate_fragment":672,"minecraft:lead":3,"minecraft:potion":2,"minecraft:stone_brick_stairs":26,"minecraft:brewing_stand":2,"spawnersplus:spawner_fragment":2,"supplementaries:candle_holder":1,"suppsquared:gold_candle_holder":1,"minecraft:polished_deepslate":3,"hybrid-aquatic:ghost_crab_claw":2,"minecraft:string":18,"minecraft:raw_copper":26,"illagerinvasion:platinum_infused_hatchet":2,"minecraft:deepslate_tiles":18,"minecraft:gold_nugget":37,"minecraft:cobbled_deepslate":3489,"twigs:pebble":16,"comforts:sleeping_bag_white":66,"minecraft:spruce_planks":26,"villagersplus:spruce_horticulturist_table":1,"minecraft:redstone_torch":4,"minecraft:calcite":14,"minecraft:iron_pickaxe":1,"minecraft:melon_slice":66,"minecraft:coal_block":4,"minecraft:furnace":12,"minecraft:stick":3,"charm:oak_chest":1,"minecraft:torch":41,"minecraft:spruce_stairs":32,"minecraft:porkchop":41,"minecraft:diorite":1174,"minecraft:vine":34,"minecraft:deepslate_tile_stairs":114,"minecraft:rabbit_foot":1,"culturaldelights:avocado":16,"minecraft:rotten_flesh":47,"supplementaries:antique_ink":5,"supplementaries:quiver":1,"minecraft:iron_bars":2,"minecraft:cobblestone":1861,"minecraft:birch_log":6,"minecraft:andesite":112,"minecraft:smoker":6,"minecraft:flint":5,"minecraft:tuff":101,"chipped:checkered_iron_lantern":1,"supplementaries:flax_seeds":3,"minecraft:lapis_lazuli":116,"minecraft:dirt":337,"minecraft:bone":48,"minecraft:bow":3,"minecraft:stonecutter":1,"snowyspirit:ginger_flower":1,"minecraft:wheat_seeds":108,"minecraft:raw_gold":131,"minecraft:grindstone":1,"minecraft:mossy_stone_bricks":32,"twigs:twig":194,"minecraft:oak_planks":1,"minecraft:mossy_stone_brick_stairs":3,"friendsandfoes:totem_of_freezing":2,"chipped:calcite_bricks":56,"minecraft:cooked_porkchop":1,"minecraft:sand":132,"winterly:cryomarble_shard":15,"minecraft:dark_oak_log":763,"betterend:sulphuric_rock_flower_pot":2,"minecraft:mossy_cobblestone":1,"minecraft:bundle":2,"chipped:burning_coal_lantern":1,"minecraft:spruce_fence_gate":6,"minecraft:diamond":34,"minecraft:spruce_boat":1,"chipped:tall_lantern":2,"minecraft:crossbow":1,"minecraft:granite":35,"minecraft:grass":49,"minecraft:chainmail_helmet":1,"minecraft:emerald":24,"minecraft:bread":11,"minecraft:oak_sapling":10,"twigs:rhyolite":41,"minecraft:oak_leaves":61,"minecraft:charcoal":4,"minecraft:crafting_table":14,"minecraft:wooden_pickaxe":1,"friendsandfoes:totem_of_illusion":2,"minecraft:gold_block":4,"suppsquared:copper_lantern":1,"promenade:blunite":9,"minecraft:shield":1,"minecraft:cornflower":4,"minecraft:iron_axe":1,"twigs:opaline_seashell":1,"minecraft:cracked_stone_bricks":29,"minecraft:beef":24,"minecraft:oak_boat":3,"sawmill:sawmill":1,"minecraft:light_gray_wool":1,"minecraft:iron_nugget":16,"minecraft:poppy":3,"minecraft:spruce_slab":11,"minecraft:lectern":1,"minecraft:sugar_cane":7,"chipped:iron_bowl_lantern":1,"minecraft:spruce_trapdoor":28,"minecraft:dark_oak_sapling":32,"minecraft:raw_iron":291,"betterend:umbralith_flower_pot":1,"minecraft:spruce_fence":3,"another_furniture:spruce_flower_box":4,"betterend:flavolite_flower_pot":1,"minecraft:carrot":14,"minecraft:redstone":17,"minecraft:stone_pressure_plate":4,"minecraft:dark_oak_planks":3,"mythic_charms:experience_nugget":279,"minecraft:arrow":76,"charm:spruce_chest":1,"minecraft:hay_block":68,"minecraft:totem_of_undying":1,"chipped:magenta_flower_spruce_leaves":3,"minecraft:polished_blackstone":7,"minecraft:mutton":39,"chipped:small_green_lantern":1,"minecraft:skeleton_skull":1,"minecraft:white_wool":27,"minecraft:oxeye_daisy":6,"minecraft:leather":19,"minecraft:oak_log":600,"minecraft:chainmail_chestplate":1,"minecraft:gunpowder":11,"minecraft:deepslate_tile_slab":29,"minecraft:paper":6,"minecraft:white_banner":5,"minecraft:cooked_mutton":2,"minecraft:apple":9,"minecraft:stone_bricks":415,"minecraft:iron_ore":10,"the_bumblezone:super_candle_red":1,"chipped:wide_lantern":1,"minecraft:glass_bottle":14,"minecraft:iron_sword":1,"minecraft:book":48,"minecraft:scaffolding":376,"handcrafted:oak_fancy_bed":1,"minecraft:chiseled_stone_bricks":2,"minecraft:stone_brick_slab":9,"chipped:donut_lantern":1,"minecraft:gravel":26,"minecraft:spruce_sapling":259,"minecraft:blast_furnace":4,"minecraft:spruce_log":1699,"minecraft:spruce_door":1,"minecraft:spider_eye":1,"minecraft:slime_ball":31,"minecraft:stone_axe":1,"minecraft:chainmail_leggings":1,"minecraft:diamond_axe":1,"minecraft:damaged_anvil":1,"minecraft:melon_seeds":3,"minecraft:coal":440},"minecraft:mined":{"minecraft:dark_oak_planks":3,"winterly:raw_cryomarble_shard":15,"spawn:anthill":1,"minecraft:spruce_planks":30,"culturaldelights:avocado_bundle":5,"supplementaries:candle_holder":1,"promenade:flowering_azalea_leaf_pile":1,"minecraft:brewing_stand":2,"minecraft:spruce_trapdoor":28,"minecraft:granite":17,"minecraft:grass_block":567,"minecraft:coal_block":4,"minecraft:deepslate_tile_stairs":121,"betterend:umbralith_flower_pot":1,"minecraft:oxeye_daisy":6,"minecraft:chiseled_stone_bricks":2,"chipped:wide_lantern":1,"minecraft:spawner":2,"the_bumblezone:super_candle_base_red":1,"minecraft:iron_ore":82,"minecraft:cobbled_deepslate":10,"minecraft:deepslate_lapis_ore":9,"diagonalfences:minecraft/spruce_fence":3,"universal_ores:andesite_gold_ore":2,"amendments:wall_lantern":5,"minecraft:iron_bars":2,"minecraft:white_banner":1,"minecraft:spruce_slab":13,"villagersplus:spruce_horticulturist_table":1,"universal_ores:diorite_iron_ore":17,"another_furniture:spruce_flower_box":4,"chipped:tall_lantern":2,"minecraft:smoker":6,"minecraft:deepslate_tile_slab":31,"universal_ores:granite_iron_ore":1,"minecraft:torch":10,"promenade:blush_sakura_blossoms":1,"minecraft:blast_furnace":4,"minecraft:calcite":14,"minecraft:melon":13,"chipped:calcite_bricks":57,"minecraft:cobblestone":11,"minecraft:grindstone":1,"minecraft:sugar_cane":3,"minecraft:damaged_anvil":1,"minecraft:wall_torch":7,"minecraft:repeater":1,"minecraft:birch_log":6,"suppsquared:gold_candle_holder":1,"minecraft:wheat":2,"universal_ores:diorite_coal_ore":1,"minecraft:stone_brick_stairs":27,"minecraft:grass":661,"minecraft:oak_log":135,"minecraft:sand":133,"minecraft:dirt":108,"minecraft:stonecutter":1,"minecraft:oak_leaves":81,"minecraft:deepslate":92,"minecraft:deepslate_tiles":23,"minecraft:mossy_cobblestone":1,"minecraft:deepslate_diamond_ore":19,"universal_ores:andesite_iron_ore":4,"universal_ores:calcite_coal_ore":2,"betterend:sulphuric_rock_flower_pot":2,"farmersdelight:wild_carrots":14,"minecraft:dark_oak_log":818,"minecraft:dark_oak_fence":2,"sawmill:sawmill":1,"minecraft:redstone_wire":2,"minecraft:soul_campfire":1,"minecraft:spruce_leaves":6,"snowyspirit:wild_ginger":2,"minecraft:hay_block":69,"minecraft:furnace":12,"minecraft:andesite":26,"twigs:bronzed_seashell":1,"minecraft:gold_block":4,"minecraft:polished_deepslate":3,"minecraft:mossy_stone_brick_stairs":3,"minecraft:bookshelf":15,"minecraft:deepslate_iron_ore":91,"minecraft:vine":37,"minecraft:stone":364,"twigs:opaline_seashell":1,"minecraft:podzol":1,"minecraft:scaffolding":214,"twigs:pebble":2,"chipped:donut_lantern":1,"promenade:blunite":3,"minecraft:infested_stone_bricks":9,"minecraft:stone_brick_slab":11,"minecraft:dandelion":2,"minecraft:spruce_door":1,"charm:oak_chest":1,"minecraft:crafting_table":14,"minecraft:cornflower":4,"handcrafted:oak_fancy_bed":1,"charm:spruce_chest":1,"betterend:flavolite_flower_pot":1,"minecraft:lectern":1,"minecraft:copper_ore":1,"minecraft:tall_grass":63,"minecraft:lapis_ore":1,"chipped:magenta_flower_spruce_leaves":3,"minecraft:deepslate_gold_ore":85,"minecraft:diorite":41,"supplementaries:urn":18,"minecraft:spruce_stairs":32,"minecraft:birch_leaves":1,"minecraft:spruce_log":1691,"minecraft:coal_ore":160,"minecraft:flower_pot":1,"minecraft:gravel":31,"minecraft:cobweb":1,"minecraft:cracked_stone_bricks":31,"minecraft:polished_blackstone":7,"minecraft:spruce_fence_gate":6,"minecraft:stone_bricks":423,"minecraft:mossy_stone_bricks":32,"minecraft:gold_ore":6,"minecraft:fern":6},"minecraft:crafted":{"minecraft:oak_planks":128,"inmis:baby_backpack":1,"minecraft:stone":931,"minecraft:diamond_shovel":1,"minecraft:cooked_mutton":32,"minecraft:deepslate_brick_stairs":168,"minecraft:glass":56,"minecraft:stone_brick_slab":66,"culturaldelights:avocado_toast":16,"minecraft:iron_boots":2,"winterly:cryomarble":2,"winterly:cryomarble_pickaxe":1,"minecraft:chest":2,"minecraft:stone_bricks":788,"minecraft:smoker":2,"minecraft:cooked_porkchop":32,"minecraft:diamond_axe":2,"minecraft:crafting_table":2,"minecraft:spruce_planks":3208,"minecraft:wooden_pickaxe":1,"minecraft:iron_helmet":1,"minecraft:spruce_door":12,"minecraft:mossy_cobblestone":32,"minecraft:campfire":9,"minecraft:stone_brick_stairs":64,"minecraft:spruce_trapdoor":354,"minecraft:iron_chestplate":1,"inmis:plated_backpack":1,"minecraft:shield":3,"minecraft:stick":434,"minecraft:iron_ingot":123,"minecraft:iron_pickaxe":2,"minecraft:stone_sword":1,"minecraft:gold_ingot":30,"inmis:frayed_backpack":1,"minecraft:spruce_fence_gate":40,"minecraft:deepslate_bricks":2816,"minecraft:shears":2,"minecraft:deepslate_tile_slab":320,"minecraft:coal":41,"minecraft:stone_shovel":1,"minecraft:stone_brick_wall":36,"minecraft:iron_nugget":63,"comforts:sleeping_bag_white":1,"minecraft:spruce_button":10,"minecraft:cobbled_deepslate":141,"inmis:gilded_backpack":1,"minecraft:furnace":7,"charm:oak_chest":6,"minecraft:spruce_fence":183,"minecraft:glass_pane":48,"minecraft:stone_stairs":4,"minecraft:lantern":7,"minecraft:spruce_stairs":208,"minecraft:polished_diorite":256,"minecraft:polished_deepslate":3356,"minecraft:iron_axe":5,"minecraft:spruce_slab":186,"minecraft:stone_pickaxe":1,"minecraft:deepslate_tile_wall":6,"minecraft:spruce_boat":1,"minecraft:dark_oak_planks":256,"minecraft:cooked_beef":22,"minecraft:iron_sword":2,"winterly:cryomarble_sword":1,"minecraft:deepslate_tiles":2560,"minecraft:stone_axe":1,"charm:spruce_chest":5,"minecraft:air":0,"minecraft:oak_boat":1,"justhammers:iron_hammer":7,"minecraft:golden_apple":2,"betterend:iron_hammer":1,"minecraft:iron_shovel":2,"minecraft:deepslate_tile_stairs":1280,"minecraft:iron_leggings":2,"minecraft:torch":104},"minecraft:killed":{"illagerinvasion:archivist":1,"minecraft:witch":4,"minecraft:spider":15,"naturalist:boar":15,"illagerinvasion:basher":5,"naturalist:snail":1,"minecraft:skeleton":43,"illagerinvasion:provoker":2,"minecraft:silverfish":17,"minecraft:illusioner":2,"spawn:ant":1,"illagerinvasion:inquisitor":1,"illagerinvasion:necromancer":2,"hybrid-aquatic:sea_nettle":1,"minecraft:pig":6,"minecraft:zombie_villager":1,"illagerinvasion:alchemist":3,"minecraft:creeper":4,"minecraft:sheep":23,"minecraft:pillager":20,"minecraft:zombie":47,"illagerinvasion:sorcerer":1,"minecraft:cow":11,"minecraft:evoker":1,"minecraft:vindicator":10,"illagerinvasion:marauder":10,"adventurez:orc":1,"friendsandfoes:iceologer":2,"naturalist:vulture":1,"naturalist:bear":1,"minecraft:ravager":1,"hybrid-aquatic:ghost_crab":1,"friendsandfoes:moobloom":3,"minecraft:enderman":2},"minecraft:killed_by":{"minecraft:creeper":2,"minecraft:ravager":1,"minecraft:zombie":1,"adventurez:orc":1}},"DataVersion":3465}