{"stats":{"minecraft:broken":{"minecraft:stone_sword":1,"minecraft:stone_pickaxe":1},"minecraft:crafted":{"minecraft:oak_planks":68,"travelersbackpack:iron":3,"minecraft:furnace":4,"shieldexp:iron_shield":1,"travelersbackpack:blank_upgrade":4,"travelersbackpack:gold_tier_upgrade":1,"minecraft:cooked_mutton":6,"minecraft:glass":30,"travelersbackpack:white_sleeping_bag":1,"minecraft:iron_boots":1,"minecraft:stone_pickaxe":2,"minecraft:chest":3,"minecraft:stone_hoe":1,"minecraft:wheat":261,"travelersbackpack:iron_tier_upgrade":1,"minecraft:crafting_table":2,"travelersbackpack:backpack_tank":4,"minecraft:wooden_pickaxe":1,"minecraft:iron_helmet":1,"travelersbackpack:standard":1,"minecraft:bucket":1,"minecraft:birch_planks":48,"minecraft:stone_axe":1,"minecraft:bread":87,"minecraft:air":0,"minecraft:iron_chestplate":1,"minecraft:stick":36,"minecraft:iron_ingot":42,"minecraft:stone_sword":1,"minecraft:iron_shovel":1,"minecraft:iron_leggings":1,"minecraft:white_bed":1,"minecraft:torch":60},"minecraft:dropped":{"minecraft:enchanted_book":3,"minecraft:acacia_wood":1,"minecraft:wheat_seeds":4,"minecraft:dark_oak_stairs":1,"minecraft:crossbow":1,"minecraft:iron_helmet":1,"minecraft:book":6,"minecraft:cracked_stone_bricks":1,"minecraft:spruce_stairs":2,"minecraft:coal":1,"minecraft:yellow_carpet":4,"minecraft:polished_andesite":2,"minecraft:item_frame":2,"minecraft:torch":9,"minecraft:mutton":2,"tombstone:grave_dust":1,"minecraft:oak_stairs":1,"minecraft:iron_axe":1,"minecraft:string":16,"minecraft:dark_oak_planks":1,"minecraft:birch_log":1,"minecraft:sweet_berries":3,"minecraft:coarse_dirt":4,"alexsmobs:animal_dictionary":1,"minecraft:cobblestone_wall":10,"minecraft:birch_sapling":1,"minecraft:oak_planks":49,"minecraft:name_tag":1,"patchouli:guide_book":1,"minecraft:chainmail_chestplate":1,"alexsmobs:cockroach_wing_fragment":1,"minecraft:spruce_trapdoor":3,"minecraft:spruce_planks":9,"minecraft:iron_chestplate":2,"minecraft:mossy_stone_bricks":4,"minecraft:stone_brick_wall":2,"minecraft:oak_sapling":1,"minecraft:stone_bricks":14,"minecraft:spruce_slab":7,"minecraft:iron_ore":5,"minecraft:bow":1,"minecraft:stone_pickaxe":1,"minecraft:wooden_pickaxe":1,"minecraft:polished_granite":1,"minecraft:black_wool":1},"minecraft:killed_by":{"iceandfire:gorgon":3,"minecraft:skeleton":3,"minecraft:zombie":1,"minecraft:vex":2},"minecraft:killed":{"minecraft:evoker":1,"minecraft:spider":2,"iceandfire:gorgon":1,"minecraft:vindicator":4,"minecraft:zombie_horse":2,"minecraft:skeleton":40,"minecraft:silverfish":8,"ars_nouveau:summon_wolf":2,"minecraft:pig":3,"minecraft:salmon":1,"minecraft:creeper":1,"minecraft:sheep":5,"minecraft:pillager":7,"minecraft:zombie":21,"alexsmobs:cockroach":1,"ars_nouveau:wilden_stalker":2,"ars_nouveau:wilden_hunter":2,"minecraft:cow":11},"minecraft:mined":{"minecraft:dark_oak_planks":4,"minecraft:spruce_planks":7,"minecraft:white_bed":8,"byg:cattail":1,"minecraft:carved_pumpkin":2,"minecraft:granite":1,"minecraft:grass_block":79,"minecraft:coal_block":7,"minecraft:spruce_leaves":1,"travelersbackpack:iron":1,"minecraft:spawner":5,"minecraft:hay_block":28,"minecraft:mossy_cobblestone_slab":1,"minecraft:furnace":19,"minecraft:iron_ore":47,"minecraft:snow":2,"minecraft:andesite":6,"minecraft:anvil":1,"minecraft:gold_block":9,"minecraft:dark_oak_stairs":1,"minecraft:cobblestone_slab":1,"minecraft:stone":92,"minecraft:player_head":1,"minecraft:spruce_slab":1,"minecraft:smithing_table":2,"minecraft:kelp_plant":1,"minecraft:smoker":1,"ars_nouveau:light_block":1,"minecraft:polished_granite":3,"minecraft:crafting_table":6,"minecraft:torch":1,"minecraft:melon":3,"minecraft:chest":1,"minecraft:cobblestone":11,"minecraft:wall_torch":1,"minecraft:diorite":1,"minecraft:spruce_stairs":2,"minecraft:chain":2,"minecraft:coarse_dirt":8,"minecraft:dark_oak_slab":1,"minecraft:birch_log":16,"byg:short_grass":5,"minecraft:birch_leaves":7,"minecraft:stone_brick_stairs":2,"minecraft:black_wool":3,"minecraft:grass":6,"minecraft:coal_ore":43,"minecraft:oak_log":18,"minecraft:gravel":2,"minecraft:dirt":12,"minecraft:sand":51,"minecraft:cobweb":1,"minecraft:cracked_stone_bricks":3,"ars_nouveau:arcane_ore":2,"minecraft:stone_bricks":8,"minecraft:mossy_stone_bricks":3,"minecraft:oak_leaves":29,"minecraft:emerald_block":5,"minecraft:fern":9},"minecraft:custom":{"minecraft:interact_with_smithing_table":7,"minecraft:inspect_dropper":1,"minecraft:mob_kills":117,"minecraft:interact_with_crafting_table":34,"minecraft:open_barrel":38,"minecraft:leave_game":11,"minecraft:time_since_death":29237,"minecraft:climb_one_cm":8230,"minecraft:sprint_one_cm":312795,"minecraft:walk_one_cm":365861,"minecraft:damage_blocked_by_shield":110,"minecraft:drop":57,"minecraft:sneak_time":4848,"minecraft:deaths":10,"minecraft:walk_under_water_one_cm":8180,"minecraft:jump":2848,"minecraft:walk_on_water_one_cm":10818,"minecraft:interact_with_furnace":65,"tombstone:raider_killed":12,"minecraft:play_one_minute":167173,"minecraft:sleep_in_bed":9,"minecraft:time_since_rest":8934,"minecraft:damage_taken":2147483647,"minecraft:damage_absorbed":40,"minecraft:trigger_trapped_chest":2,"minecraft:damage_dealt":24119,"minecraft:swim_one_cm":24968,"minecraft:fly_one_cm":495864,"minecraft:open_chest":75,"minecraft:crouch_one_cm":13399,"tombstone:undead_killed":64,"minecraft:fall_one_cm":64536,"minecraft:interact_with_smoker":1,"minecraft:inspect_dispenser":4},"minecraft:used":{"minecraft:iron_shovel":80,"minecraft:stone_sword":130,"byg:cattail":1,"minecraft:chest":1,"minecraft:iron_sword":380,"minecraft:cooked_chicken":1,"minecraft:stone_hoe":27,"minecraft:torch":38,"minecraft:dirt":23,"travelersbackpack:iron":2,"minecraft:iron_axe":32,"minecraft:birch_sapling":1,"minecraft:stone_bricks":1,"carryon:tile_item":1,"minecraft:bow":27,"minecraft:golden_carrot":1,"minecraft:furnace":17,"tombstone:gift":6,"minecraft:cooked_beef":2,"minecraft:cooked_mutton":7,"minecraft:baked_potato":1,"minecraft:oak_planks":12,"minecraft:stone_pickaxe":233,"minecraft:wooden_pickaxe":6,"minecraft:salmon":1,"minecraft:golden_apple":1,"minecraft:crafting_table":8,"minecraft:white_bed":8,"minecraft:oak_log":1,"minecraft:black_wool":2,"minecraft:iron_pickaxe":44,"minecraft:bread":75,"byg:pine_sapling":1,"minecraft:stone_axe":33,"travelersbackpack:standard":2,"minecraft:cobblestone":50,"minecraft:cooked_rabbit":1,"minecraft:andesite":4,"minecraft:stripped_oak_wood":2,"minecraft:smithing_table":1,"minecraft:bucket":5,"minecraft:birch_log":4,"minecraft:coarse_dirt":2,"alexsmobs:animal_dictionary":2},"minecraft:picked_up":{"minecraft:iron_chestplate":1,"minecraft:charcoal":8,"minecraft:coarse_dirt":7,"minecraft:crafting_table":7,"minecraft:anvil":1,"apotheosis:weapon_book":1,"minecraft:smithing_table":2,"minecraft:wooden_pickaxe":1,"minecraft:oak_stairs":1,"minecraft:stone_brick_wall":2,"minecraft:cooked_rabbit":1,"minecraft:gold_block":9,"minecraft:enchanted_book":1,"minecraft:diamond_horse_armor":1,"minecraft:chain":2,"minecraft:string":44,"minecraft:iron_axe":1,"minecraft:item_frame":2,"ars_nouveau:mana_gem":3,"minecraft:cracked_stone_bricks":1,"apotheosis:scrap_tome":1,"apotheosis:armor_feet_book":1,"minecraft:spruce_planks":14,"minecraft:beef":21,"minecraft:spruce_slab":7,"minecraft:coal_block":7,"minecraft:chest":1,"minecraft:birch_sapling":2,"minecraft:spruce_trapdoor":3,"minecraft:iron_boots":1,"minecraft:furnace":19,"minecraft:torch":5,"travelersbackpack:iron_tier_upgrade":1,"minecraft:spruce_stairs":2,"minecraft:porkchop":6,"apotheosis:common_tome":2,"tombstone:grave_dust":9,"shieldexp:iron_shield":1,"byg:cattail":1,"minecraft:dark_oak_planks":1,"travelersbackpack:iron":1,"byg:pine_sapling":1,"minecraft:arrow":42,"minecraft:rotten_flesh":17,"ars_nouveau:worn_notebook":2,"minecraft:hay_block":28,"minecraft:totem_of_undying":1,"minecraft:mutton":8,"minecraft:white_wool":4,"minecraft:cobblestone":112,"minecraft:birch_log":29,"minecraft:mossy_cobblestone_slab":1,"minecraft:leather_chestplate":1,"minecraft:feather":7,"minecraft:golden_carrot":1,"minecraft:salmon":1,"minecraft:water_bucket":1,"minecraft:andesite":4,"minecraft:leather":21,"minecraft:smoker":1,"minecraft:acacia_wood":1,"minecraft:oak_log":18,"minecraft:cobblestone_wall":10,"minecraft:dirt":23,"tombstone:gift":1,"minecraft:polished_granite":1,"minecraft:name_tag":1,"minecraft:glass":21,"minecraft:bone":41,"minecraft:stone_bricks":21,"minecraft:bow":1,"minecraft:wheat_seeds":4,"alexsmobs:cockroach_wing_fragment":1,"minecraft:iron_ore":47,"apotheosis:digger_book":1,"minecraft:stripped_oak_wood":4,"minecraft:mossy_stone_bricks":4,"minecraft:stone_hoe":1,"minecraft:oak_planks":66,"minecraft:dark_oak_stairs":1,"minecraft:book":6,"minecraft:dark_oak_slab":1,"minecraft:emerald_block":5,"minecraft:sweet_berries":3,"patchouli:guide_book":1,"minecraft:gravel":2,"apotheosis:null_book":1,"minecraft:sand":51,"minecraft:white_bed":8,"ars_nouveau:wilden_horn":1,"minecraft:spider_eye":1,"alexsmobs:animal_dictionary":1,"minecraft:leather_helmet":1,"minecraft:polished_andesite":2,"minecraft:yellow_carpet":4,"minecraft:crossbow":1,"minecraft:bone_meal":1,"minecraft:emerald":2,"iceandfire:gorgon_head":1,"minecraft:baked_potato":1,"minecraft:oak_sapling":1,"minecraft:black_wool":4,"minecraft:coal":108}},"DataVersion":2586}