{"stats":{"minecraft:killed":{"lycanitesmobs:banshee":1,"lycanitesmobs:roc":1,"lycanitesmobs:salamander":1,"lycanitesmobs:geonach":1,"lycanitesmobs:feradon":1},"minecraft:killed_by":{"lycanitesmobs:volcan":3,"lycanitesmobs:roc":1,"lycanitesmobs:ventoraptor":1,"lycanitesmobs:geonach":4,"lycanitesmobs:banshee":1,"lycanitesmobs:krake":2,"lycanitesmobs:feradon":1,"lycanitesmobs:chupacabra":1},"minecraft:crafted":{"minecraft:crafting_table":2,"minecraft:wooden_pickaxe":1,"byg:pine_planks":8,"minecraft:stone_axe":1,"minecraft:stick":12,"minecraft:stone_pickaxe":1,"minecraft:wooden_axe":1,"minecraft:stone_sword":1,"minecraft:dark_oak_planks":56},"minecraft:custom":{"minecraft:mob_kills":6,"minecraft:interact_with_crafting_table":7,"minecraft:play_one_minute":25904,"minecraft:leave_game":3,"minecraft:time_since_death":144,"minecraft:time_since_rest":1,"minecraft:sprint_one_cm":57495,"minecraft:damage_taken":3510,"minecraft:walk_one_cm":69886,"minecraft:drop":12,"minecraft:damage_dealt":1238,"minecraft:swim_one_cm":90,"minecraft:fly_one_cm":155829,"minecraft:open_chest":4,"minecraft:crouch_one_cm":7650,"minecraft:deaths":14,"minecraft:sneak_time":1451,"minecraft:walk_under_water_one_cm":375,"minecraft:jump":567,"minecraft:walk_on_water_one_cm":2967,"minecraft:fall_one_cm":8982},"minecraft:mined":{"minecraft:stripped_dark_oak_log":14,"minecraft:dark_oak_log":1,"minecraft:crafting_table":2,"minecraft:diorite":1,"byg:meadow_dirt":1,"byg:short_grass":1,"byg:pine_log":2,"byg:meadow_grass_block":5,"minecraft:grass":8,"minecraft:coal_ore":38,"lycanitesmobs:scorchfire":7,"minecraft:stone":21,"minecraft:oak_leaves":3},"minecraft:dropped":{"minecraft:birch_planks":2,"minecraft:wheat_seeds":1,"minecraft:feather":5,"minecraft:dirt":2,"minecraft:diorite":10,"tombstone:grave_key":1,"lycanitesmobs:equipmentpart_geonachspear":1,"minecraft:wooden_pickaxe":2,"minecraft:quartz":5},"minecraft:picked_up":{"minecraft:crafting_table":2,"minecraft:feather":5,"minecraft:magma_cream":3,"minecraft:leather":2,"minecraft:wooden_pickaxe":1,"minecraft:birch_planks":2,"lycanitesmobs:equipmentpart_geonachspear":2,"minecraft:dirt":2,"byg:meadow_dirt":6,"minecraft:bone":7,"byg:pine_log":2,"minecraft:iron_ore":3,"minecraft:soul_sand":3,"minecraft:stone":11,"minecraft:quartz":10,"minecraft:ink_sac":1,"minecraft:diorite":6,"minecraft:dark_oak_log":1,"ars_nouveau:worn_notebook":1,"minecraft:stripped_dark_oak_log":14,"minecraft:coal":23,"minecraft:cobblestone":50,"minecraft:ender_pearl":1},"minecraft:used":{"minecraft:stone_sword":39,"minecraft:stone_pickaxe":85,"minecraft:wooden_pickaxe":4,"minecraft:crafting_table":3,"byg:meadow_dirt":1,"minecraft:wooden_axe":6,"minecraft:dark_oak_planks":1,"minecraft:dark_oak_log":1,"minecraft:stone_axe":1,"tombstone:gift":2}},"DataVersion":2586}