{"stats":{"minecraft:picked_up":{"minecells:guts":6,"vinery:taiga_grapes_white":2,"minecells:monster_cell":11,"simplyswords:slumbering_lichblade":1,"minecells:infected_flesh":5,"minecraft:spruce_sapling":5,"minecraft:gunpowder":1,"minecraft:white_bed":1,"minecraft:spruce_log":7,"minecraft:arrow":16,"minecraft:rotten_flesh":4,"minecraft:sea_pickle":2,"minecells:explosive_bulb":2,"minecraft:bow":1,"minecraft:hay_block":5,"promenade:blueberries":9,"twigs:twig":2,"minecraft:cobblestone":6},"minecraft:crafted":{"minecraft:crafting_table":1,"minecraft:spruce_planks":28,"minecraft:stick":8,"minecraft:wooden_pickaxe":1,"minecraft:stone_pickaxe":1,"minecraft:white_bed":1,"minecraft:stone_axe":1,"minecraft:bread":15,"minecraft:wheat":45},"minecraft:used":{"simplyswords:iron_greathammer":6,"minecraft:stone_sword":20,"minecraft:bread":7,"minecraft:stone_pickaxe":3,"promenade:blueberries":3,"minecells:blood_sword":82,"minecraft:shield":3,"minecraft:iron_helmet":2,"minecraft:wooden_pickaxe":3,"simplyswords:slumbering_lichblade":27,"minecraft:leather_boots":1,"minecells:balanced_blade":8,"minecraft:stone_axe":2,"minecraft:iron_chestplate":1,"minecraft:bow":10,"minecraft:golden_carrot":3,"minecraft:crafting_table":1,"minecraft:turtle_helmet":1,"minecraft:white_bed":1,"minecraft:sea_pickle":2,"minecraft:chainmail_leggings":1},"minecraft:custom":{"minecraft:time_since_rest":30130,"lootr:looted_stat":55,"minecraft:sprint_one_cm":95211,"minecraft:damage_taken":559,"minecraft:walk_one_cm":126561,"minecraft:damage_blocked_by_shield":105,"minecraft:mob_kills":27,"minecraft:drop":5,"minecraft:damage_dealt":3715,"minecraft:interact_with_crafting_table":7,"minecraft:fly_one_cm":39190,"minecraft:open_barrel":1,"minecraft:open_chest":3,"minecraft:crouch_one_cm":1738,"minecraft:play_time":40997,"minecraft:sneak_time":480,"minecraft:walk_under_water_one_cm":544,"minecraft:damage_dealt_resisted":0,"minecraft:jump":269,"minecraft:leave_game":1,"minecraft:threat":7,"minecraft:walk_on_water_one_cm":371,"minecraft:time_since_death":40997,"minecraft:sleep_in_bed":1,"minecraft:damage_resisted":0,"minecraft:climb_one_cm":2009,"minecraft:total_world_time":40997,"minecraft:hex":0,"minecraft:fall_one_cm":2742},"minecraft:mined":{"minecraft:hay_block":5,"minecraft:white_bed":1,"treechop:chopped_log":1,"minecraft:grass":2,"minecraft:tall_grass":1,"minecraft:stone":6},"minecraft:dropped":{"vinery:taiga_grapes_white":2,"minecraft:rotten_flesh":1,"minecells:guts":1,"simplyswords:slumbering_lichblade":1},"minecraft:killed":{"minecells:shieldbearer":2,"minecells:undead_archer":8,"minecells:leaping_zombie":8,"minecells:grenadier":2},"minecraft:broken":{"minecraft:leather_boots":1}},"DataVersion":3465}