{"stats":{"minecraft:broken":{"minecraft:stone_pickaxe":1,"minecraft:shield":1},"minecraft:dropped":{"minecraft:cobblestone":7,"minecraft:dirt":6,"minecraft:string":2,"twigs:opaline_seashell":1,"hybrid-aquatic:ghost_crab_claw":2,"minecraft:cobbled_deepslate":3,"minecraft:stone_sword":1,"minecraft:raw_copper":2,"minecraft:rotten_flesh":1,"minecraft:light_gray_wool":1,"minecraft:oak_planks":2,"supplementaries:flax_seeds":3,"mythic_charms:deepslate_fragment":1,"minecraft:gunpowder":3,"minecraft:oak_sapling":3,"minecraft:bow":1,"minecraft:wooden_pickaxe":2},"minecraft:custom":{"minecraft:interact_with_smithing_table":1,"minecraft:mob_kills":83,"minecraft:interact_with_crafting_table":23,"minecraft:open_barrel":6,"goblintraders:trade_with_goblin":40,"minecraft:leave_game":2,"minecraft:time_since_death":16147,"minecraft:climb_one_cm":240,"minecraft:sprint_one_cm":186640,"minecraft:walk_one_cm":267247,"minecraft:damage_blocked_by_shield":3290,"minecraft:drop":22,"minecraft:talked_to_villager":3,"minecraft:play_time":176738,"minecraft:deaths":2,"minecraft:sneak_time":6990,"minecraft:walk_under_water_one_cm":11228,"minecraft:jump":1651,"minecraft:walk_on_water_one_cm":17522,"minecraft:total_world_time":176738,"minecraft:interact_with_furnace":43,"minecraft:sleep_in_bed":4,"minecraft:time_since_rest":765,"minecraft:damage_taken":2344,"minecraft:damage_absorbed":40,"minecraft:damage_dealt":13143,"minecraft:swim_one_cm":1674,"minecraft:fly_one_cm":202154,"minecraft:open_chest":4,"minecraft:crouch_one_cm":22047,"minecraft:interact_with_smoker":19,"minecraft:fall_one_cm":29509},"minecraft:crafted":{"minecraft:oak_planks":32,"minecraft:stone_shovel":1,"minecraft:coal":5,"comforts:sleeping_bag_white":1,"minecraft:cobbled_deepslate":3,"minecraft:furnace":4,"minecraft:cooked_mutton":15,"minecraft:iron_boots":1,"minecraft:stone_pickaxe":1,"minecraft:smoker":2,"minecraft:cooked_porkchop":10,"minecraft:crafting_table":1,"minecraft:wooden_pickaxe":1,"minecraft:iron_helmet":1,"minecraft:iron_sword":1,"minecraft:stone_axe":1,"minecraft:air":0,"minecraft:iron_chestplate":1,"minecraft:shield":2,"minecraft:stick":36,"minecraft:iron_ingot":90,"minecraft:iron_pickaxe":1,"minecraft:stone_sword":1,"minecraft:iron_leggings":1,"minecraft:gold_ingot":15,"minecraft:torch":96},"minecraft:picked_up":{"minecraft:crafting_table":8,"mythic_charms:deepslate_fragment":13,"minecraft:wooden_pickaxe":1,"spawnersplus:spawner_fragment":2,"minecraft:string":3,"hybrid-aquatic:ghost_crab_claw":2,"minecraft:raw_copper":2,"twigs:opaline_seashell":1,"minecraft:cobbled_deepslate":26,"comforts:sleeping_bag_white":4,"minecraft:light_gray_wool":1,"minecraft:furnace":9,"minecraft:raw_iron":92,"minecraft:torch":26,"minecraft:porkchop":10,"minecraft:carrot":14,"mythic_charms:experience_nugget":120,"minecraft:arrow":34,"minecraft:rotten_flesh":25,"minecraft:hay_block":7,"minecraft:mutton":17,"minecraft:cobblestone":56,"minecraft:white_wool":10,"minecraft:birch_log":6,"minecraft:smoker":5,"minecraft:oak_log":61,"supplementaries:flax_seeds":3,"minecraft:gunpowder":3,"minecraft:lapis_lazuli":43,"minecraft:dirt":20,"minecraft:cooked_mutton":2,"minecraft:bone":34,"minecraft:apple":2,"minecraft:bow":2,"minecraft:raw_gold":25,"twigs:twig":9,"minecraft:oak_planks":1,"winterly:cryomarble_shard":6,"minecraft:slime_ball":29,"minecraft:diamond":3,"minecraft:granite":2,"minecraft:oak_sapling":10,"minecraft:damaged_anvil":1,"minecraft:coal":320},"minecraft:used":{"minecraft:stone_sword":118,"minecraft:stone_shovel":12,"minecraft:shield":71,"minecraft:iron_sword":89,"minecraft:rotten_flesh":7,"minecraft:iron_chestplate":1,"minecraft:torch":96,"minecraft:dirt":12,"minecraft:carrot":4,"minecraft:granite":2,"minecraft:iron_helmet":1,"minecraft:iron_boots":1,"minecraft:bow":2,"minecraft:furnace":7,"minecraft:oak_sapling":7,"comforts:sleeping_bag_white":4,"minecraft:cobbled_deepslate":10,"minecraft:cooked_mutton":10,"minecraft:stone_pickaxe":133,"minecraft:oak_planks":1,"minecraft:wooden_pickaxe":8,"minecraft:golden_apple":1,"minecraft:crafting_table":8,"minecraft:smoker":5,"minecraft:apple":2,"minecraft:bread":3,"minecraft:string":1,"minecraft:iron_pickaxe":232,"minecraft:stone_axe":76,"twigs:twig":1,"minecraft:cobblestone":24,"minecraft:cooked_porkchop":9},"minecraft:killed_by":{"minecraft:zombie":1},"minecraft:mined":{"winterly:raw_cryomarble_shard":6,"minecraft:deepslate_tiles":1,"minecraft:deepslate_diamond_ore":3,"farmersdelight:wild_carrots":14,"universal_ores:calcite_coal_ore":2,"minecraft:dark_oak_fence":2,"minecraft:granite":2,"minecraft:grass_block":12,"minecraft:spawner":2,"minecraft:hay_block":7,"minecraft:furnace":9,"minecraft:iron_ore":39,"minecraft:cobbled_deepslate":2,"minecraft:deepslate_lapis_ore":7,"twigs:bronzed_seashell":1,"minecraft:deepslate_iron_ore":45,"minecraft:stone":95,"twigs:opaline_seashell":1,"universal_ores:diorite_iron_ore":2,"minecraft:smoker":5,"promenade:blush_sakura_blossoms":1,"minecraft:crafting_table":8,"minecraft:torch":9,"minecraft:copper_ore":1,"minecraft:cobblestone":9,"minecraft:deepslate_gold_ore":25,"minecraft:damaged_anvil":1,"minecraft:diorite":2,"minecraft:wall_torch":7,"supplementaries:urn":7,"minecraft:birch_log":6,"minecraft:birch_leaves":1,"minecraft:grass":3,"minecraft:oak_log":37,"minecraft:coal_ore":96,"minecraft:dirt":10,"minecraft:oak_leaves":7,"minecraft:deepslate":14},"minecraft:killed":{"minecraft:vindicator":1,"minecraft:spider":3,"naturalist:snail":1,"minecraft:skeleton":25,"minecraft:pig":6,"minecraft:creeper":1,"hybrid-aquatic:ghost_crab":1,"minecraft:sheep":11,"minecraft:pillager":2,"minecraft:zombie":28,"minecraft:enderman":1}},"DataVersion":3465}