{"stats":{"minecraft:killed":{"minecraft:pig":3,"lycanitesmobs:banshee":1,"lycanitesmobs:roc":1,"minecraft:pillager":2,"lycanitesmobs:salamander":1,"lycanitesmobs:geonach":1,"lycanitesmobs:feradon":1},"minecraft:killed_by":{"lycanitesmobs:volcan":3,"lycanitesmobs:roc":1,"lycanitesmobs:ventoraptor":2,"lycanitesmobs:geonach":5,"lycanitesmobs:banshee":1,"lycanitesmobs:krake":2,"minecraft:skeleton":1,"minecraft:creeper":1,"lycanitesmobs:feradon":1,"lycanitesmobs:warg":1,"lycanitesmobs:grue":1,"animalium:wild_dog":1,"lycanitesmobs:chupacabra":1},"minecraft:crafted":{"minecraft:crafting_table":2,"minecraft:wooden_pickaxe":1,"byg:pine_planks":8,"minecraft:stone_axe":1,"minecraft:stick":12,"minecraft:stone_pickaxe":1,"minecraft:wooden_axe":1,"minecraft:stone_sword":1,"minecraft:dark_oak_planks":56},"minecraft:custom":{"minecraft:mob_kills":10,"tombstone:raider_killed":2,"minecraft:interact_with_crafting_table":7,"minecraft:play_one_minute":37904,"minecraft:leave_game":3,"minecraft:time_since_death":43,"minecraft:time_since_rest":1,"minecraft:sprint_one_cm":125716,"minecraft:damage_taken":5249,"minecraft:walk_one_cm":101759,"minecraft:drop":14,"minecraft:damage_dealt":2314,"minecraft:swim_one_cm":160,"minecraft:fly_one_cm":292092,"minecraft:open_chest":8,"minecraft:crouch_one_cm":8461,"minecraft:deaths":21,"minecraft:sneak_time":2143,"minecraft:walk_under_water_one_cm":7968,"minecraft:jump":1047,"minecraft:walk_on_water_one_cm":6058,"minecraft:fall_one_cm":17278},"minecraft:dropped":{"minecraft:birch_planks":2,"minecraft:wheat_seeds":1,"minecraft:stone_sword":1,"minecraft:feather":5,"minecraft:dirt":2,"betteranimalsplus:calamari_raw":2,"minecraft:diorite":10,"tombstone:grave_key":1,"lycanitesmobs:equipmentpart_geonachspear":1,"minecraft:wooden_pickaxe":2,"minecraft:quartz":5},"minecraft:mined":{"minecraft:stone_pressure_plate":1,"minecraft:stripped_dark_oak_log":14,"minecraft:dark_oak_log":1,"minecraft:crafting_table":2,"minecraft:poppy":1,"minecraft:diorite":1,"minecraft:sandstone":1,"minecraft:spawner":1,"byg:meadow_dirt":1,"byg:short_grass":1,"byg:pine_log":2,"byg:meadow_grass_block":5,"minecraft:grass":14,"minecraft:coal_ore":41,"minecraft:vine":1,"minecraft:cut_red_sandstone":1,"lycanitesmobs:scorchfire":7,"minecraft:stone":21,"minecraft:oak_leaves":3},"minecraft:picked_up":{"minecraft:crafting_table":2,"betteranimalsplus:calamari_raw":2,"minecraft:feather":5,"minecraft:magma_cream":4,"minecraft:leather":2,"minecraft:wooden_pickaxe":1,"minecraft:birch_planks":4,"croptopia:calamari":1,"lycanitesmobs:equipmentpart_geonachspear":2,"minecraft:dirt":2,"byg:meadow_dirt":6,"minecraft:bone":7,"byg:pine_log":2,"minecraft:iron_ore":3,"minecraft:soul_sand":3,"minecraft:sandstone":1,"minecraft:stone":18,"betteranimalsplus:bear_skin_brown":2,"minecraft:quartz":10,"minecraft:porkchop":4,"minecraft:ink_sac":1,"minecraft:diorite":6,"minecraft:dark_oak_log":1,"minecraft:stone_pressure_plate":1,"minecraft:cut_red_sandstone":1,"minecraft:stone_sword":1,"ars_nouveau:worn_notebook":1,"minecraft:stripped_dark_oak_log":14,"minecraft:coal":28,"minecraft:cobblestone":62,"minecraft:ender_pearl":1},"minecraft:used":{"minecraft:iron_ore":1,"minecraft:stone_sword":67,"minecraft:stone_pickaxe":100,"minecraft:wooden_pickaxe":4,"minecraft:stone":5,"minecraft:white_wool":2,"minecraft:crafting_table":3,"byg:meadow_dirt":1,"minecraft:wooden_axe":6,"minecraft:dark_oak_planks":1,"minecraft:dark_oak_log":1,"tombstone:grave_key":12,"minecraft:stone_axe":1,"minecraft:cobblestone":3,"tombstone:gift":2}},"DataVersion":2586}