{"stats":{"minecraft:killed_by":{"minecraft:ravager":1,"minecraft:zombie":1,"minecraft:creeper":2,"adventurez:orc":1},"minecraft:broken":{"minecraft:iron_sword":1,"minecraft:shield":1,"minecraft:iron_axe":4,"minecraft:iron_pickaxe":1,"minecraft:iron_shovel":1,"minecraft:stone_pickaxe":1,"minecraft:stone_axe":1},"minecraft:killed":{"illagerinvasion:archivist":1,"illagerinvasion:basher":5,"naturalist:boar":15,"minecraft:skeleton":49,"spawn:ant":1,"illagerinvasion:necromancer":2,"hybrid-aquatic:sea_nettle":1,"minecraft:pillager":20,"minecraft:zombie":48,"minecraft:cow":11,"minecraft:evoker":1,"minecraft:vindicator":10,"illagerinvasion:marauder":10,"adventurez:orc":2,"naturalist:vulture":1,"naturalist:bear":1,"minecraft:ravager":1,"minecraft:enderman":2,"minecraft:witch":4,"minecraft:spider":17,"naturalist:snail":1,"illagerinvasion:provoker":2,"minecraft:silverfish":17,"minecraft:illusioner":2,"illagerinvasion:inquisitor":1,"minecraft:pig":6,"minecraft:zombie_villager":1,"illagerinvasion:alchemist":3,"minecraft:creeper":4,"minecraft:sheep":23,"illagerinvasion:sorcerer":1,"friendsandfoes:iceologer":2,"hybrid-aquatic:ghost_crab":1,"friendsandfoes:moobloom":3},"minecraft:dropped":{"minecraft:iron_sword":1,"minecraft:glass_bottle":6,"minecraft:crafting_table":1,"minecraft:cooked_porkchop":1,"minecraft:crossbow":1,"minecraft:glow_item_frame":1,"minecraft:mossy_stone_brick_stairs":3,"minecraft:cracked_stone_bricks":1,"minecraft:emerald":5,"twigs:pebble":3,"minecraft:dirt":208,"minecraft:grass":7,"minecraft:gold_nugget":36,"minecraft:iron_pickaxe":1,"minecraft:dark_oak_planks":9,"minecraft:white_wool":24,"minecraft:bone":7,"minecraft:stone_axe":1,"minecraft:iron_nugget":16,"minecraft:cobbled_deepslate":10,"minecraft:wheat":11,"minecraft:rotten_flesh":21,"minecraft:oak_planks":3,"justhammers:iron_hammer":1,"minecraft:rabbit_foot":1,"supplementaries:flax_seeds":3,"mythic_charms:deepslate_fragment":11,"minecraft:charcoal":4,"minecraft:iron_ingot":1,"minecraft:wheat_seeds":78,"minecraft:cobblestone":168,"minecraft:book":3,"minecraft:granite":3,"minecraft:chainmail_helmet":1,"minecraft:potion":3,"minecraft:white_banner":3,"minecraft:smooth_stone":55,"minecraft:chainmail_leggings":1,"minecraft:iron_shovel":1,"minecraft:paper":2,"minecraft:string":6,"twigs:opaline_seashell":1,"minecraft:spruce_sapling":93,"twigs:rhyolite":18,"minecraft:stone_sword":1,"minecraft:stone_shovel":1,"supplementaries:quiver":1,"minecraft:spruce_trapdoor":3,"minecraft:bundle":1,"minecraft:stone_pressure_plate":4,"minecraft:stone_bricks":9,"minecraft:bow":3,"minecraft:diamond_axe":1,"minecraft:oak_log":504,"minecraft:leather":1,"snowyspirit:ginger_flower":1,"minecraft:flint":3,"minecraft:cornflower":1,"minecraft:mutton":5,"minecraft:snowball":1,"minecraft:birch_log":6,"twigs:twig":101,"minecraft:chainmail_chestplate":1,"minecraft:gunpowder":9,"promenade:blunite":7,"minecraft:melon_seeds":3,"minecraft:chainmail_boots":1,"minecraft:iron_ore":10,"minecraft:arrow":1,"minecraft:vine":2,"illagerinvasion:platinum_infused_hatchet":1,"minecraft:grass_block":2,"minecraft:stick":6,"minecraft:diorite":8,"minecraft:torch":1,"mythic_charms:experience_nugget":25,"minecraft:melon_slice":4,"minecraft:stonecutter":1,"minecraft:iron_axe":1,"hybrid-aquatic:ghost_crab_claw":2,"minecraft:redstone":13,"minecraft:raw_copper":26,"minecraft:tuff":28,"minecraft:raw_iron":2,"minecraft:light_gray_wool":1,"minecraft:shield":2,"culturaldelights:avocado":2,"minecraft:andesite":26,"minecraft:mossy_stone_bricks":2,"minecraft:oak_sapling":3,"minecraft:slime_ball":2,"minecraft:spruce_log":64,"minecraft:wooden_pickaxe":2},"minecraft:mined":{"minecraft:dark_oak_planks":15,"winterly:raw_cryomarble_shard":15,"culturaldelights:avocado_bundle":5,"promenade:flowering_azalea_leaf_pile":1,"minecraft:granite":17,"minecraft:coal_block":4,"minecraft:deepslate_tile_stairs":149,"betterend:umbralith_flower_pot":2,"minecraft:oxeye_daisy":6,"chipped:wide_lantern":1,"minecraft:chiseled_stone_bricks":2,"minecraft:spawner":2,"the_bumblezone:super_candle_base_red":1,"minecraft:cobbled_deepslate":10,"minecraft:barrel":1,"minecraft:deepslate_lapis_ore":9,"universal_ores:andesite_gold_ore":2,"minecraft:potted_dandelion":1,"amendments:wall_lantern":6,"minecraft:white_banner":1,"universal_ores:diorite_iron_ore":17,"chipped:tall_lantern":2,"minecraft:smoker":6,"minecraft:deepslate_tile_slab":31,"suppsquared:item_shelf_spruce":12,"minecraft:torch":10,"minecraft:blast_furnace":10,"minecraft:melon":13,"minecraft:sugar_cane":3,"minecraft:damaged_anvil":2,"minecraft:repeater":1,"minecraft:wheat":2,"universal_ores:diorite_coal_ore":1,"minecraft:stone_brick_stairs":33,"minecraft:grass":672,"minecraft:stonecutter":1,"another_furniture:spruce_shelf":1,"minecraft:deepslate":92,"minecraft:deepslate_tiles":28,"minecraft:mossy_cobblestone":1,"farmersdelight:wild_carrots":14,"minecraft:dark_oak_log":818,"minecraft:dark_oak_fence":2,"minecraft:redstone_wire":2,"snowyspirit:wild_ginger":2,"minecraft:snow":1,"minecraft:andesite":26,"twigs:bronzed_seashell":1,"handcrafted:spruce_chair":8,"minecraft:mossy_stone_brick_stairs":3,"minecraft:vine":37,"fastpaintings:painting":7,"twigs:opaline_seashell":1,"twigs:pebble":2,"chipped:donut_lantern":1,"minecraft:stone_brick_slab":12,"minecraft:dandelion":2,"minecraft:cornflower":4,"handcrafted:oak_fancy_bed":1,"another_furniture:spruce_table":9,"betterend:flavolite_flower_pot":1,"minecraft:tall_grass":63,"minecraft:copper_ore":1,"minecraft:deepslate_gold_ore":85,"chipped:magenta_flower_spruce_leaves":3,"minecraft:diorite":41,"minecraft:coarse_dirt":5,"hearth_and_home:spruce_lattice":10,"minecraft:spruce_log":1691,"minecraft:birch_leaves":1,"minecraft:gravel":31,"minecraft:cobweb":1,"minecraft:spruce_fence_gate":6,"minecraft:polished_blackstone":7,"minecraft:stone_bricks":441,"minecraft:gold_ore":6,"minecraft:fern":6,"spawn:anthill":2,"minecraft:spruce_planks":39,"supplementaries:candle_holder":1,"minecraft:potted_blue_orchid":1,"minecraft:brewing_stand":2,"minecraft:spruce_trapdoor":43,"minecraft:grass_block":707,"minecraft:iron_ore":82,"diagonalfences:minecraft/spruce_fence":8,"minecraft:iron_bars":2,"minecraft:spruce_slab":14,"villagersplus:spruce_horticulturist_table":1,"another_furniture:spruce_flower_box":4,"universal_ores:granite_iron_ore":1,"promenade:blush_sakura_blossoms":1,"minecraft:calcite":14,"minecraft:chest":10,"chipped:calcite_bricks":63,"minecraft:cobblestone":11,"minecraft:grindstone":1,"minecraft:wall_torch":7,"minecraft:birch_log":6,"suppsquared:gold_candle_holder":1,"minecraft:oak_log":135,"minecraft:sand":133,"minecraft:dirt":220,"handcrafted:spruce_table":5,"minecraft:oak_leaves":81,"minecraft:deepslate_diamond_ore":19,"universal_ores:andesite_iron_ore":4,"betterend:sulphuric_rock_flower_pot":2,"universal_ores:calcite_coal_ore":2,"sawmill:sawmill":1,"minecraft:soul_campfire":1,"minecraft:spruce_leaves":6,"minecraft:hay_block":69,"minecraft:furnace":12,"minecraft:gold_block":4,"minecraft:polished_deepslate":4,"minecraft:bookshelf":15,"minecraft:deepslate_iron_ore":91,"minecraft:stone":367,"minecraft:podzol":1,"minecraft:scaffolding":232,"promenade:blunite":3,"minecraft:infested_stone_bricks":9,"minecraft:spruce_door":2,"charm:oak_chest":1,"minecraft:crafting_table":14,"charm:spruce_chest":1,"minecraft:lectern":1,"minecraft:lapis_ore":1,"spawn:ant_mound":9,"supplementaries:urn":18,"minecraft:spruce_stairs":40,"minecraft:coal_ore":160,"minecraft:flower_pot":1,"farmersdelight:stove":1,"minecraft:cracked_stone_bricks":31,"minecraft:mossy_stone_bricks":32},"minecraft:picked_up":{"minecraft:chainmail_boots":1,"minecraft:flower_pot":3,"mythic_charms:deepslate_fragment":672,"minecraft:lead":3,"spawnersplus:spawner_fragment":2,"minecraft:brewing_stand":2,"suppsquared:gold_candle_holder":1,"supplementaries:candle_holder":1,"minecraft:polished_deepslate":4,"minecraft:string":18,"hybrid-aquatic:ghost_crab_claw":2,"illagerinvasion:platinum_infused_hatchet":2,"minecraft:cobbled_deepslate":3489,"minecraft:gold_nugget":37,"minecraft:spruce_planks":31,"minecraft:coal_block":4,"minecraft:melon_slice":66,"charm:oak_chest":1,"minecraft:deepslate_tile_stairs":142,"minecraft:rabbit_foot":1,"culturaldelights:avocado":16,"supplementaries:quiver":1,"minecraft:iron_bars":2,"minecraft:snowball":1,"minecraft:birch_log":6,"minecraft:cooked_beef":63,"minecraft:smoker":6,"minecraft:flint":5,"chipped:checkered_iron_lantern":1,"hearth_and_home:spruce_lattice":10,"minecraft:lantern":1,"snowyspirit:ginger_flower":1,"minecraft:stonecutter":1,"another_furniture:spruce_table":9,"winterly:cryomarble_shard":15,"minecraft:dark_oak_log":763,"betterend:sulphuric_rock_flower_pot":2,"minecraft:barrel":1,"minecraft:bundle":2,"chipped:burning_coal_lantern":1,"chipped:tall_lantern":2,"minecraft:granite":35,"minecraft:bread":11,"minecraft:chainmail_helmet":1,"twigs:rhyolite":41,"minecraft:crafting_table":15,"minecraft:coarse_dirt":5,"friendsandfoes:totem_of_illusion":2,"minecraft:cornflower":4,"twigs:opaline_seashell":1,"minecraft:cracked_stone_bricks":29,"minecraft:beef":24,"another_furniture:spruce_shelf":1,"sawmill:sawmill":1,"minecraft:poppy":3,"minecraft:iron_nugget":16,"minecraft:spruce_slab":12,"minecraft:chest":10,"minecraft:glow_item_frame":5,"minecraft:spruce_fence":8,"minecraft:carrot":14,"minecraft:redstone":17,"charm:spruce_chest":1,"minecraft:hay_block":68,"minecraft:totem_of_undying":1,"minecraft:polished_blackstone":7,"minecraft:mutton":39,"minecraft:white_wool":27,"minecraft:oxeye_daisy":7,"minecraft:oak_log":656,"suppsquared:item_shelf_spruce":13,"minecraft:paper":6,"minecraft:white_banner":5,"minecraft:apple":9,"minecraft:stone_bricks":433,"minecraft:iron_ore":10,"the_bumblezone:super_candle_red":1,"chipped:wide_lantern":1,"minecraft:glass_bottle":14,"minecraft:iron_sword":1,"chipped:donut_lantern":1,"minecraft:gravel":26,"minecraft:spruce_sapling":259,"minecraft:spruce_log":1699,"minecraft:slime_ball":31,"minecraft:stone_axe":1,"minecraft:diamond_axe":1,"minecraft:painting":7,"minecraft:melon_seeds":3,"minecraft:wheat":11,"minecraft:potion":2,"minecraft:stone_brick_stairs":32,"minecraft:raw_copper":26,"minecraft:deepslate_tiles":23,"comforts:sleeping_bag_white":69,"twigs:pebble":17,"villagersplus:spruce_horticulturist_table":1,"minecraft:redstone_torch":4,"minecraft:calcite":14,"minecraft:iron_pickaxe":1,"minecraft:furnace":12,"minecraft:stick":3,"minecraft:torch":41,"minecraft:spruce_stairs":40,"minecraft:porkchop":41,"minecraft:diorite":1174,"minecraft:vine":34,"minecraft:rotten_flesh":49,"supplementaries:antique_ink":5,"minecraft:cobblestone":1864,"minecraft:andesite":112,"minecraft:tuff":101,"supplementaries:flax_seeds":3,"minecraft:lapis_lazuli":116,"minecraft:dirt":572,"handcrafted:spruce_chair":8,"minecraft:bone":54,"minecraft:bow":3,"minecraft:wheat_seeds":116,"minecraft:raw_gold":131,"suppsquared:gold_candle_holder_lime":3,"minecraft:grindstone":1,"minecraft:mossy_stone_bricks":32,"twigs:twig":194,"minecraft:mossy_stone_brick_stairs":3,"minecraft:oak_planks":1,"friendsandfoes:totem_of_freezing":2,"chipped:calcite_bricks":62,"minecraft:cooked_porkchop":1,"minecraft:sand":132,"minecraft:mossy_cobblestone":1,"minecraft:spruce_fence_gate":6,"minecraft:diamond":34,"minecraft:spruce_boat":1,"minecraft:grass":49,"minecraft:crossbow":1,"minecraft:emerald":24,"minecraft:oak_sapling":10,"minecraft:oak_leaves":61,"minecraft:charcoal":4,"minecraft:wooden_pickaxe":1,"minecraft:gold_block":4,"suppsquared:copper_lantern":1,"promenade:blunite":9,"minecraft:shield":1,"minecraft:iron_axe":1,"minecraft:blue_orchid":1,"minecraft:oak_boat":3,"minecraft:light_gray_wool":1,"minecraft:lectern":1,"minecraft:sugar_cane":7,"chipped:iron_bowl_lantern":1,"minecraft:spruce_trapdoor":44,"minecraft:dark_oak_sapling":32,"minecraft:raw_iron":291,"betterend:umbralith_flower_pot":2,"another_furniture:spruce_flower_box":4,"betterend:flavolite_flower_pot":1,"minecraft:stone_pressure_plate":4,"minecraft:dark_oak_planks":15,"minecraft:arrow":84,"mythic_charms:experience_nugget":285,"chipped:magenta_flower_spruce_leaves":3,"chipped:small_green_lantern":1,"minecraft:skeleton_skull":1,"minecraft:leather":19,"minecraft:chainmail_chestplate":1,"minecraft:gunpowder":11,"minecraft:deepslate_tile_slab":29,"minecraft:cooked_mutton":2,"handcrafted:spruce_table":5,"minecraft:iron_ingot":1,"minecraft:book":48,"minecraft:scaffolding":449,"handcrafted:oak_fancy_bed":1,"minecraft:chiseled_stone_bricks":2,"minecraft:stone_brick_slab":10,"minecraft:dandelion":1,"minecraft:blast_furnace":10,"minecraft:spider_eye":1,"minecraft:spruce_door":2,"minecraft:chainmail_leggings":1,"minecraft:damaged_anvil":2,"farmersdelight:stove":1,"minecraft:coal":457},"minecraft:crafted":{"minecraft:diamond_shovel":1,"minecraft:cooked_mutton":32,"minecraft:deepslate_brick_stairs":168,"minecraft:glass":56,"minecraft:cooked_porkchop":32,"minecraft:diamond_axe":2,"minecraft:spruce_door":12,"minecraft:mossy_cobblestone":32,"minecraft:campfire":9,"minecraft:stone_brick_stairs":64,"minecraft:iron_pickaxe":2,"minecraft:gold_ingot":30,"minecraft:spruce_fence_gate":40,"minecraft:stone_shovel":1,"minecraft:iron_nugget":63,"comforts:sleeping_bag_white":1,"minecraft:cobbled_deepslate":141,"charm:oak_chest":6,"minecraft:spruce_fence":183,"minecraft:stone_stairs":4,"minecraft:lantern":7,"minecraft:spruce_stairs":208,"minecraft:polished_diorite":256,"minecraft:spruce_slab":186,"minecraft:stone_pickaxe":1,"minecraft:deepslate_tile_wall":6,"minecraft:spruce_boat":1,"minecraft:dark_oak_planks":256,"minecraft:deepslate_tiles":2560,"charm:spruce_chest":5,"minecraft:golden_apple":2,"minecraft:iron_leggings":2,"minecraft:iron_shovel":2,"minecraft:deepslate_tile_stairs":1280,"minecraft:oak_planks":128,"inmis:baby_backpack":1,"minecraft:stone":931,"minecraft:stone_brick_slab":66,"culturaldelights:avocado_toast":16,"minecraft:iron_boots":2,"winterly:cryomarble":2,"winterly:cryomarble_pickaxe":1,"minecraft:chest":2,"minecraft:stone_bricks":788,"minecraft:smoker":2,"minecraft:crafting_table":2,"minecraft:spruce_planks":3208,"minecraft:wooden_pickaxe":1,"minecraft:iron_helmet":1,"minecraft:spruce_trapdoor":354,"minecraft:iron_chestplate":1,"inmis:plated_backpack":1,"minecraft:shield":3,"minecraft:stick":434,"minecraft:iron_ingot":123,"minecraft:stone_sword":1,"inmis:frayed_backpack":1,"minecraft:deepslate_bricks":2816,"minecraft:shears":2,"minecraft:deepslate_tile_slab":320,"minecraft:coal":41,"minecraft:stone_brick_wall":36,"minecraft:spruce_button":10,"inmis:gilded_backpack":1,"minecraft:furnace":7,"minecraft:glass_pane":48,"minecraft:polished_deepslate":3356,"minecraft:iron_axe":5,"minecraft:cooked_beef":22,"minecraft:iron_sword":2,"winterly:cryomarble_sword":1,"minecraft:stone_axe":1,"minecraft:air":0,"minecraft:oak_boat":1,"justhammers:iron_hammer":7,"betterend:iron_hammer":1,"minecraft:torch":104},"minecraft:used":{"chipped:small_green_lantern":1,"minecraft:spruce_slab":120,"minecraft:polished_blackstone":60,"minecraft:poppy":3,"minecraft:chest":115,"minecraft:stone":51,"toms_storage:ts.paint_kit":77,"chipped:cornered_blue_carpet":6,"minecraft:rotten_flesh":7,"toms_storage:ts.inventory_cable":5,"backpacked:spruce_backpack_shelf":7,"chipped:soft_blue_carpet":10,"minecraft:spruce_boat":1,"friendsandfoes:totem_of_illusion":2,"minecraft:grass_block":1647,"minecraft:stone_brick_stairs":81,"friendsandfoes:totem_of_freezing":1,"minecraft:bow":2,"minecraft:sweet_berries":3,"minecraft:furnace":17,"minecraft:oak_sapling":7,"culturaldelights:avocado":1,"handcrafted:spruce_counter":15,"minecraft:mossy_stone_bricks":30,"minecraft:damaged_anvil":2,"minecraft:spruce_door":19,"toms_storage:ts.inventory_connector":8,"minecraft:wooden_pickaxe":8,"winterly:cryomarble_sword":244,"minecraft:oak_leaves":15,"minecraft:golden_apple":3,"another_furniture:spruce_shutter":12,"supplementaries:candle_holder":1,"minecraft:blast_furnace":13,"chipped:tall_lantern":2,"chipped:calcite_bricks":911,"minecraft:lightning_rod":1,"minecraft:deepslate_tiles":395,"handcrafted:spruce_cupboard":1,"minecraft:lectern":14,"charm:chiseled_spruce_bookshelf":8,"minecraft:flowering_azalea_leaves":11,"minecraft:smithing_table":1,"farmersdelight:spruce_cabinet":5,"minecraft:oak_boat":3,"minecraft:oak_trapdoor":39,"culturaldelights:avocado_toast":10,"betterend:umbralith_flower_pot":2,"minecraft:enchanting_table":1,"minecraft:iron_bars":3,"minecraft:stone_sword":118,"chipped:iron_bowl_lantern":1,"chipped:secret_spruce_door":1,"minecraft:netherrack":6,"minecraft:torch":185,"toms_storage:ts.crafting_terminal":2,"minecraft:stone_stairs":1,"charm:spruce_barrel":5,"minecraft:polished_diorite":51,"minecraft:iron_axe":1309,"minecraft:spruce_button":7,"chipped:donut_lantern":1,"minecraft:barrel":12,"minecraft:glowstone":3,"farmersdelight:cooking_pot":1,"comforts:sleeping_bag_white":69,"minecraft:cobbled_deepslate":69,"minecraft:calcite":14,"farmersdelight:iron_knife":1,"minecraft:bundle":3,"minecraft:spruce_fence_gate":51,"minecraft:cracked_stone_bricks":28,"minecraft:mossy_cobblestone":33,"minecraft:oak_slab":12,"minecraft:crafting_table":18,"betternether:spruce_taburet":1,"minecraft:campfire":9,"minecraft:spruce_log":1,"justhammers:iron_hammer":831,"minecraft:deepslate_tile_wall":1,"chipped:mixed_cubed_oak_bookshelf":5,"minecraft:oak_log":938,"chipped:botanist_workbench":3,"minecraft:oxeye_daisy":3,"minecraft:diamond_shovel":675,"decorative_blocks:chain":1,"handcrafted:dark_oak_fancy_bed":2,"minecraft:iron_pickaxe":1296,"another_furniture:spruce_flower_box":4,"minecraft:spruce_trapdoor":655,"chipped:wide_lantern":1,"suppsquared:gold_candle_holder_lime":7,"minecraft:chiseled_stone_bricks":2,"minecraft:cobblestone":72,"minecraft:azalea_leaves":4,"minecraft:cooked_porkchop":32,"minecraft:andesite_stairs":1,"minecraft:glass_pane":44,"minecraft:iron_shovel":510,"minecraft:polished_deepslate":130,"farmersdelight:stove":2,"minecraft:shield":116,"minecraft:iron_sword":250,"minecraft:grass":39,"minecraft:iron_chestplate":2,"toms_storage:ts.inventory_hopper_basic":1,"handcrafted:spruce_chair":8,"minecraft:carrot":4,"minecraft:deepslate_tile_slab":188,"suppsquared:gold_candle_holder":1,"minecraft:glass":12,"chipped:botanical_oak_cubed_bookshelf":2,"minecraft:lantern":78,"minecraft:iron_helmet":1,"minecraft:stone_bricks":1141,"minecraft:item_frame":6,"farmersdelight:cutting_board":1,"minecraft:hay_block":8,"minecraft:scaffolding":455,"winterly:cryomarble_pickaxe":486,"charm:spruce_bookshelf":13,"toms_storage:ts.inventory_cable_connector_framed":9,"toms_storage:ts.inventory_cable_connector_filtered":24,"suppsquared:copper_lantern":1,"minecraft:stone_pickaxe":133,"minecraft:oak_planks":7,"chipped:magenta_flower_spruce_leaves":3,"minecraft:diamond_axe":1736,"minecraft:crossbow":16,"minecraft:stone_brick_wall":40,"minecraft:shears":147,"chipped:windmill_blue_carpet":49,"minecraft:dark_oak_log":9,"minecraft:bread":27,"minecraft:melon_slice":92,"minecraft:string":1,"another_furniture:white_lamp":3,"minecraft:blue_candle":3,"chipped:burning_coal_lantern":1,"promenade:blunite":2,"handcrafted:oak_fancy_bed":1,"minecraft:grindstone":5,"promenade:flowering_azalea_leaf_pile":4,"minecraft:cooked_rabbit":1,"toms_storage:ts.inventory_cable_framed":71,"minecraft:chain":8,"minecraft:coarse_dirt":12,"minecraft:bone_meal":6,"handcrafted:spruce_drawer":3,"minecraft:flint_and_steel":7,"minecraft:stone_shovel":12,"minecraft:spruce_planks":1167,"minecraft:iron_ingot":1,"minecraft:dirt":857,"chipped:leafy_spruce_trapdoor":38,"minecraft:spruce_stairs":332,"minecraft:cobblestone_wall":2,"charm:spruce_chest":12,"villagersplus:spruce_horticulturist_table":1,"minecraft:spruce_fence":80,"minecraft:granite":8,"handcrafted:spruce_table":6,"minecraft:stone_brick_slab":57,"minecraft:dark_oak_planks":199,"toms_storage:ts.inventory_cable_connector":2,"minecraft:bookshelf":26,"another_furniture:spruce_shelf":10,"minecraft:iron_boots":1,"minecraft:black_stained_glass":26,"charm:oak_chest":5,"minecraft:deepslate_tile_stairs":1360,"minecraft:cooked_beef":23,"betterend:flavolite_flower_pot":1,"hearth_and_home:spruce_lattice":10,"suppsquared:item_shelf_spruce":21,"minecraft:cooked_mutton":34,"farmersdelight:skillet":1,"minecraft:polished_andesite":21,"chipped:windowed_spruce_door":1,"the_bumblezone:super_candle_red":1,"minecraft:stonecutter":1,"minecraft:glow_item_frame":7,"minecraft:painting":22,"minecraft:infested_stone_bricks":17,"minecraft:smoker":14,"minecraft:book":40,"farmersdelight:hot_cocoa":1,"minecraft:flower_pot":10,"minecraft:apple":2,"edenring:guide_book":1,"betterend:iron_hammer":3,"sawmill:sawmill":1,"minecraft:stone_axe":117,"twigs:twig":1,"handcrafted:spruce_couch":9,"chipped:checkered_iron_lantern":1,"betterend:sulphuric_rock_flower_pot":2,"minecraft:white_banner":1,"another_furniture:spruce_table":12,"minecraft:smooth_stone":9},"minecraft:custom":{"minecraft:interact_with_crafting_table":119,"minecraft:open_barrel":18,"goblintraders:trade_with_goblin":40,"minecraft:bell_ring":3,"minecraft:leave_game":12,"minecraft:time_since_death":392260,"minecraft:damage_blocked_by_shield":5400,"minecraft:play_time":1354213,"minecraft:deaths":10,"minecraft:jump":10506,"minecraft:interact_with_furnace":238,"minecraft:sleep_in_bed":69,"minecraft:damage_dealt":49799,"minecraft:interact_with_smoker":66,"minecraft:interact_with_smithing_table":3,"minecraft:interact_with_anvil":4,"minecraft:sneak_time":104085,"minecraft:interact_with_blast_furnace":22,"minecraft:total_world_time":1354213,"minecraft:interact_with_stonecutter":4,"minecraft:time_since_rest":201209,"minecraft:swim_one_cm":7938,"minecraft:fly_one_cm":1475104,"minecraft:open_chest":613,"minecraft:fall_one_cm":262571,"minecraft:sprint_one_cm":1100714,"minecraft:drop":203,"minecraft:talked_to_villager":11,"minecraft:interact_with_brewingstand":7,"minecraft:walk_on_water_one_cm":24896,"minecraft:crouch_one_cm":345526,"minecraft:mob_kills":284,"minecraft:climb_one_cm":109992,"minecraft:walk_one_cm":3098368,"minecraft:raid_win":1,"minecraft:walk_under_water_one_cm":17690,"minecraft:boat_one_cm":180210,"minecraft:raid_trigger":1,"minecraft:pot_flower":7,"minecraft:interact_with_grindstone":2,"minecraft:damage_taken":12077,"minecraft:damage_absorbed":120}},"DataVersion":3465}