{"stats":{"minecraft:picked_up":{"minecraft:crafting_table":3,"minecraft:basalt":1,"vinery:taiga_grapes_white":2,"simplyswords:slumbering_lichblade":1,"minecraft:oak_log":2,"ad_astra:sky_stone":4,"minecraft:gunpowder":2,"minecraft:lantern":1,"minecraft:white_banner":8,"minecraft:iron_axe":3,"minecraft:blackstone":1,"minecraft:sea_pickle":4,"minecraft:bow":2,"minecells:nutcracker":1,"promenade:blueberries":9,"twigs:twig":2,"minecraft:coal_block":16,"friendsandfoes:totem_of_freezing":1,"minecells:guts":11,"minecells:monster_cell":20,"minecells:infected_flesh":11,"minecells:balanced_blade":1,"bewitchment:belladonna_seeds":1,"minecraft:spruce_sapling":5,"minecraft:white_bed":3,"minecraft:spruce_log":7,"minecells:promenade_dimensional_rune":1,"minecraft:stone_sword":1,"minecraft:arrow":60,"minecraft:rotten_flesh":19,"minecells:explosive_bulb":4,"minecraft:hay_block":40,"minecraft:crossbow":3,"minecraft:totem_of_undying":1,"minecraft:emerald":24,"minecraft:skeleton_skull":1,"minecraft:coal":31,"minecraft:cobblestone":8},"minecraft:crafted":{"minecraft:oak_planks":8,"minecraft:crafting_table":3,"minecraft:spruce_planks":28,"minecraft:iron_helmet":1,"minecraft:wooden_pickaxe":1,"minecraft:stone_axe":1,"minecraft:bread":33,"minecraft:iron_chestplate":1,"minecraft:iron_boots":1,"minecraft:iron_axe":1,"minecraft:stick":12,"minecraft:iron_leggings":1,"minecraft:iron_pickaxe":1,"minecraft:stone_pickaxe":1,"minecraft:white_bed":1,"minecraft:wheat":99},"minecraft:used":{"minecraft:stone_sword":20,"minecraft:stone_pickaxe":13,"minecraft:oak_planks":8,"minecraft:spruce_planks":2,"minecraft:wooden_pickaxe":3,"minecraft:shield":36,"simplyswords:slumbering_lichblade":27,"minecraft:leather_boots":1,"minecraft:iron_chestplate":2,"simplyswords:gold_claymore":11,"minecraft:crafting_table":5,"minecraft:white_bed":4,"simplyswords:iron_greathammer":6,"minecraft:lantern":1,"minecraft:iron_axe":13,"minecraft:bread":70,"minecraft:iron_pickaxe":49,"promenade:blueberries":3,"minecraft:iron_helmet":2,"minecells:blood_sword":513,"minecraft:cobblestone":2,"minecraft:stone_axe":7,"minecraft:golden_carrot":3,"minecells:balanced_blade":31,"ad_astra:sky_stone":3,"minecraft:bow":71,"minecraft:turtle_helmet":1,"minecraft:sea_pickle":4,"minecraft:iron_leggings":1,"minecraft:chainmail_leggings":1},"minecraft:killed_by":{"minecraft:vindicator":2},"minecraft:custom":{"lootr:looted_stat":85,"minecraft:mob_kills":112,"minecraft:interact_with_crafting_table":12,"minecraft:open_barrel":1,"minecraft:raid_trigger":1,"minecraft:bell_ring":1,"minecraft:damage_dealt_resisted":0,"minecraft:leave_game":2,"minecraft:time_since_death":17007,"minecraft:sleep_in_bed":3,"minecraft:climb_one_cm":6836,"minecraft:damage_resisted":0,"minecraft:hex":0,"minecraft:time_since_rest":17039,"minecraft:sprint_one_cm":262473,"minecraft:damage_taken":4015,"minecraft:walk_one_cm":421326,"minecraft:damage_blocked_by_shield":1073,"minecraft:drop":38,"minecraft:damage_dealt":17780,"minecraft:deaths":2,"minecraft:swim_one_cm":1382,"minecraft:fly_one_cm":205739,"minecraft:open_chest":20,"minecraft:play_time":127663,"minecraft:crouch_one_cm":12432,"minecraft:sneak_time":3801,"minecraft:walk_under_water_one_cm":1354,"minecraft:jump":1233,"minecraft:walk_on_water_one_cm":1780,"minecraft:threat":7,"minecraft:total_world_time":127663,"minecraft:fall_one_cm":18341},"minecraft:mined":{"minecraft:white_bed":3,"minecraft:blackstone":1,"minecraft:basalt":1,"minecraft:crafting_table":4,"minecraft:dark_oak_fence":2,"minecraft:coal_block":16,"minecraft:tall_grass":1,"minecraft:cobblestone":2,"minecraft:spruce_leaves":1,"minecraft:spawner":2,"minecraft:hay_block":40,"minecraft:pumpkin":1,"treechop:chopped_log":1,"minecraft:oak_log":2,"minecraft:grass":8,"minecraft:coal_ore":33,"minecraft:stone":6,"ad_astra:sky_stone":4,"minecraft:fern":1},"minecraft:dropped":{"minecraft:bread":2,"minecraft:stone_axe":1,"minecraft:blackstone":1,"minecraft:stone_sword":1,"minecraft:crossbow":2,"minecraft:rotten_flesh":16,"simplyswords:gold_claymore":1,"minecells:nutcracker":2,"minecells:infected_flesh":6,"minecraft:gunpowder":1,"minecells:balanced_blade":2,"minecraft:skeleton_skull":1,"minecraft:iron_chestplate":1,"minecraft:iron_axe":1,"promenade:blueberries":6,"vinery:taiga_grapes_white":2,"minecells:guts":7,"minecells:health_flask":3,"minecraft:basalt":1,"minecraft:white_banner":1,"minecraft:bow":1,"minecraft:stone_pickaxe":1,"bewitchment:belladonna_seeds":1,"simplyswords:slumbering_lichblade":2,"simplyswords:iron_greathammer":1},"minecraft:killed":{"minecraft:evoker":1,"minecraft:vex":3,"minecraft:witch":1,"graveyard:skeleton_creeper":1,"minecraft:zombie_villager":1,"minecraft:vindicator":6,"minecells:undead_archer":12,"mutantmonsters:mutant_skeleton":1,"minecraft:ravager":1,"minecraft:pillager":24,"minecraft:zombie":8,"minecells:shieldbearer":5,"minecells:leaping_zombie":12,"minecells:grenadier":4},"minecraft:broken":{"minecraft:chainmail_leggings":1,"minecraft:leather_boots":1,"minecraft:iron_boots":1,"minecraft:iron_helmet":2,"minecraft:iron_chestplate":1}},"DataVersion":3465}