{"stats":{"minecraft:broken":{"minecraft:stone_pickaxe":1,"minecraft:stone_axe":1,"minecraft:iron_sword":1,"minecraft:shield":1,"minecraft:iron_axe":4,"minecraft:iron_pickaxe":1},"minecraft:custom":{"minecraft:interact_with_crafting_table":106,"minecraft:open_barrel":7,"goblintraders:trade_with_goblin":40,"minecraft:leave_game":7,"minecraft:time_since_death":122377,"minecraft:sprint_one_cm":611211,"minecraft:damage_blocked_by_shield":4990,"minecraft:drop":118,"minecraft:talked_to_villager":9,"minecraft:play_time":490156,"minecraft:deaths":5,"minecraft:jump":5214,"minecraft:interact_with_brewingstand":7,"minecraft:walk_on_water_one_cm":19747,"minecraft:interact_with_furnace":225,"minecraft:sleep_in_bed":25,"minecraft:damage_dealt":26369,"minecraft:crouch_one_cm":74277,"minecraft:interact_with_smoker":31,"minecraft:interact_with_smithing_table":1,"minecraft:mob_kills":171,"minecraft:interact_with_anvil":3,"minecraft:climb_one_cm":3634,"minecraft:walk_one_cm":984642,"minecraft:sneak_time":22722,"minecraft:walk_under_water_one_cm":14412,"minecraft:boat_one_cm":180210,"minecraft:interact_with_blast_furnace":21,"minecraft:total_world_time":490156,"minecraft:interact_with_grindstone":2,"minecraft:interact_with_stonecutter":4,"minecraft:time_since_rest":3007,"minecraft:damage_taken":5019,"minecraft:damage_absorbed":40,"minecraft:swim_one_cm":7938,"minecraft:fly_one_cm":892146,"minecraft:open_chest":228,"minecraft:fall_one_cm":125582},"minecraft:dropped":{"minecraft:cooked_porkchop":1,"minecraft:crossbow":1,"minecraft:mossy_stone_brick_stairs":3,"minecraft:cracked_stone_bricks":1,"snowyspirit:ginger_flower":1,"minecraft:flint":3,"minecraft:emerald":1,"twigs:pebble":3,"minecraft:dirt":8,"minecraft:grass":7,"minecraft:mutton":5,"minecraft:gold_nugget":36,"minecraft:iron_pickaxe":1,"minecraft:birch_log":6,"minecraft:white_wool":24,"twigs:twig":55,"minecraft:bone":6,"minecraft:cobbled_deepslate":10,"minecraft:rotten_flesh":10,"minecraft:oak_planks":3,"justhammers:iron_hammer":1,"minecraft:rabbit_foot":1,"supplementaries:flax_seeds":3,"mythic_charms:deepslate_fragment":11,"minecraft:gunpowder":3,"promenade:blunite":7,"minecraft:charcoal":4,"minecraft:iron_ore":10,"minecraft:arrow":1,"minecraft:vine":2,"minecraft:wheat_seeds":32,"minecraft:cobblestone":104,"minecraft:granite":3,"minecraft:stick":3,"minecraft:diorite":8,"mythic_charms:experience_nugget":1,"minecraft:potion":3,"minecraft:stonecutter":1,"minecraft:iron_axe":1,"minecraft:iron_shovel":1,"minecraft:string":2,"twigs:opaline_seashell":1,"hybrid-aquatic:ghost_crab_claw":2,"minecraft:spruce_sapling":12,"minecraft:redstone":12,"twigs:rhyolite":18,"minecraft:stone_sword":1,"minecraft:raw_copper":26,"minecraft:tuff":28,"minecraft:raw_iron":2,"minecraft:stone_shovel":1,"minecraft:light_gray_wool":1,"supplementaries:quiver":1,"minecraft:shield":1,"culturaldelights:avocado":2,"minecraft:bundle":1,"minecraft:andesite":26,"minecraft:mossy_stone_bricks":2,"minecraft:oak_sapling":3,"minecraft:stone_pressure_plate":4,"minecraft:stone_bricks":9,"minecraft:slime_ball":2,"minecraft:spruce_log":64,"minecraft:bow":3,"minecraft:wooden_pickaxe":2},"minecraft:used":{"minecraft:iron_shovel":274,"minecraft:poppy":3,"minecraft:shield":110,"minecraft:iron_sword":250,"minecraft:rotten_flesh":7,"minecraft:iron_chestplate":1,"minecraft:carrot":4,"minecraft:spruce_boat":1,"minecraft:iron_helmet":1,"minecraft:stone_bricks":10,"minecraft:bow":2,"minecraft:hay_block":3,"minecraft:oak_sapling":7,"minecraft:furnace":17,"culturaldelights:avocado":1,"winterly:cryomarble_pickaxe":43,"minecraft:damaged_anvil":1,"minecraft:oak_planks":7,"minecraft:stone_pickaxe":133,"minecraft:wooden_pickaxe":8,"winterly:cryomarble_sword":12,"minecraft:golden_apple":1,"minecraft:blast_furnace":4,"minecraft:crossbow":10,"minecraft:shears":147,"minecraft:bread":16,"minecraft:string":1,"promenade:blunite":2,"minecraft:grindstone":1,"minecraft:oak_boat":3,"culturaldelights:avocado_toast":10,"minecraft:stone_sword":118,"minecraft:stone_shovel":12,"minecraft:torch":115,"minecraft:dirt":707,"charm:spruce_chest":6,"minecraft:granite":8,"minecraft:iron_axe":1281,"minecraft:iron_boots":1,"charm:oak_chest":5,"comforts:sleeping_bag_white":25,"minecraft:cobbled_deepslate":44,"minecraft:cooked_mutton":17,"minecraft:bundle":3,"minecraft:stonecutter":1,"minecraft:crafting_table":15,"minecraft:spruce_log":1,"minecraft:smoker":8,"justhammers:iron_hammer":658,"minecraft:oak_log":9,"edenring:guide_book":1,"minecraft:apple":2,"minecraft:oxeye_daisy":1,"minecraft:iron_pickaxe":1296,"betterend:iron_hammer":3,"sawmill:sawmill":1,"minecraft:stone_axe":117,"twigs:twig":1,"minecraft:chiseled_stone_bricks":2,"minecraft:cobblestone":39,"minecraft:white_banner":1,"minecraft:cooked_porkchop":25},"minecraft:picked_up":{"mythic_charms:deepslate_fragment":672,"minecraft:lead":1,"minecraft:potion":2,"minecraft:stone_brick_stairs":19,"minecraft:brewing_stand":2,"spawnersplus:spawner_fragment":2,"hybrid-aquatic:ghost_crab_claw":2,"minecraft:string":12,"minecraft:raw_copper":26,"minecraft:cobbled_deepslate":3489,"minecraft:gold_nugget":36,"comforts:sleeping_bag_white":25,"twigs:pebble":16,"minecraft:redstone_torch":4,"minecraft:iron_pickaxe":1,"minecraft:coal_block":4,"minecraft:melon_slice":62,"minecraft:furnace":12,"charm:oak_chest":1,"minecraft:torch":37,"minecraft:porkchop":41,"minecraft:diorite":8,"minecraft:vine":34,"minecraft:rabbit_foot":1,"culturaldelights:avocado":16,"minecraft:rotten_flesh":34,"supplementaries:antique_ink":5,"supplementaries:quiver":1,"minecraft:cobblestone":1650,"minecraft:birch_log":6,"minecraft:andesite":112,"minecraft:smoker":6,"minecraft:flint":5,"minecraft:tuff":101,"supplementaries:flax_seeds":3,"minecraft:lapis_lazuli":116,"minecraft:dirt":124,"minecraft:bone":43,"snowyspirit:ginger_flower":1,"minecraft:stonecutter":1,"minecraft:bow":3,"minecraft:wheat_seeds":65,"minecraft:raw_gold":131,"minecraft:grindstone":1,"minecraft:mossy_stone_bricks":31,"twigs:twig":124,"minecraft:oak_planks":1,"minecraft:mossy_stone_brick_stairs":3,"minecraft:cooked_porkchop":1,"minecraft:sand":132,"winterly:cryomarble_shard":15,"minecraft:bundle":2,"minecraft:diamond":34,"minecraft:spruce_boat":1,"minecraft:crossbow":1,"minecraft:granite":33,"minecraft:grass":49,"minecraft:emerald":8,"minecraft:bread":11,"twigs:rhyolite":41,"minecraft:oak_sapling":10,"minecraft:oak_leaves":61,"minecraft:charcoal":4,"minecraft:crafting_table":14,"minecraft:wooden_pickaxe":1,"minecraft:gold_block":4,"promenade:blunite":9,"minecraft:cornflower":2,"minecraft:iron_axe":1,"twigs:opaline_seashell":1,"minecraft:cracked_stone_bricks":29,"minecraft:beef":24,"minecraft:oak_boat":3,"sawmill:sawmill":1,"minecraft:poppy":3,"minecraft:light_gray_wool":1,"minecraft:sugar_cane":7,"minecraft:raw_iron":291,"minecraft:carrot":14,"minecraft:redstone":16,"minecraft:stone_pressure_plate":4,"mythic_charms:experience_nugget":243,"minecraft:arrow":48,"charm:spruce_chest":1,"minecraft:hay_block":68,"minecraft:mutton":39,"minecraft:skeleton_skull":1,"minecraft:white_wool":27,"minecraft:oxeye_daisy":4,"minecraft:leather":18,"minecraft:oak_log":95,"minecraft:gunpowder":3,"minecraft:deepslate_tile_slab":4,"minecraft:white_banner":2,"minecraft:cooked_mutton":2,"minecraft:apple":2,"minecraft:stone_bricks":383,"minecraft:iron_ore":10,"minecraft:book":45,"minecraft:chiseled_stone_bricks":2,"minecraft:stone_brick_slab":2,"minecraft:gravel":26,"minecraft:blast_furnace":4,"minecraft:spruce_sapling":178,"minecraft:spruce_log":1187,"minecraft:spider_eye":1,"minecraft:slime_ball":31,"minecraft:damaged_anvil":1,"minecraft:coal":440},"minecraft:mined":{"winterly:raw_cryomarble_shard":15,"spawn:anthill":1,"culturaldelights:avocado_bundle":5,"minecraft:brewing_stand":2,"minecraft:granite":17,"minecraft:grass_block":89,"minecraft:coal_block":4,"minecraft:oxeye_daisy":5,"minecraft:chiseled_stone_bricks":2,"minecraft:spawner":2,"minecraft:iron_ore":82,"minecraft:cobbled_deepslate":10,"minecraft:deepslate_lapis_ore":9,"universal_ores:andesite_gold_ore":2,"minecraft:white_banner":1,"universal_ores:diorite_iron_ore":17,"minecraft:smoker":6,"universal_ores:granite_iron_ore":1,"minecraft:torch":9,"promenade:blush_sakura_blossoms":1,"minecraft:blast_furnace":4,"minecraft:melon":13,"minecraft:cobblestone":9,"minecraft:grindstone":1,"minecraft:sugar_cane":3,"minecraft:damaged_anvil":1,"minecraft:wall_torch":7,"minecraft:repeater":1,"minecraft:birch_log":6,"minecraft:wheat":1,"universal_ores:diorite_coal_ore":1,"minecraft:stone_brick_stairs":19,"minecraft:grass":642,"minecraft:oak_log":76,"minecraft:sand":133,"minecraft:dirt":37,"minecraft:stonecutter":1,"minecraft:oak_leaves":79,"minecraft:deepslate":92,"minecraft:deepslate_tiles":1,"minecraft:deepslate_diamond_ore":19,"universal_ores:andesite_iron_ore":4,"universal_ores:calcite_coal_ore":2,"farmersdelight:wild_carrots":14,"minecraft:dark_oak_fence":2,"sawmill:sawmill":1,"minecraft:redstone_wire":2,"minecraft:soul_campfire":1,"minecraft:spruce_leaves":1,"snowyspirit:wild_ginger":2,"minecraft:hay_block":69,"minecraft:furnace":12,"minecraft:andesite":26,"twigs:bronzed_seashell":1,"minecraft:gold_block":4,"minecraft:mossy_stone_brick_stairs":3,"minecraft:bookshelf":15,"minecraft:deepslate_iron_ore":91,"minecraft:vine":37,"minecraft:stone":363,"twigs:opaline_seashell":1,"minecraft:podzol":1,"twigs:pebble":2,"promenade:blunite":3,"minecraft:stone_brick_slab":3,"charm:oak_chest":1,"minecraft:cornflower":2,"minecraft:crafting_table":14,"charm:spruce_chest":1,"minecraft:tall_grass":59,"minecraft:copper_ore":1,"minecraft:lapis_ore":1,"minecraft:deepslate_gold_ore":85,"minecraft:diorite":6,"supplementaries:urn":18,"minecraft:spruce_log":1168,"minecraft:birch_leaves":1,"minecraft:coal_ore":160,"minecraft:gravel":31,"minecraft:cobweb":1,"minecraft:cracked_stone_bricks":31,"minecraft:stone_bricks":389,"minecraft:mossy_stone_bricks":31,"minecraft:gold_ore":6,"minecraft:fern":5},"minecraft:killed":{"minecraft:spider":11,"naturalist:boar":15,"naturalist:snail":1,"minecraft:skeleton":34,"spawn:ant":1,"hybrid-aquatic:sea_nettle":1,"minecraft:pig":6,"minecraft:creeper":1,"minecraft:sheep":23,"minecraft:pillager":10,"minecraft:zombie":38,"minecraft:cow":11,"minecraft:vindicator":4,"illagerinvasion:marauder":2,"adventurez:orc":1,"naturalist:vulture":1,"naturalist:bear":1,"hybrid-aquatic:ghost_crab":1,"friendsandfoes:moobloom":3,"minecraft:enderman":1},"minecraft:crafted":{"minecraft:oak_planks":108,"inmis:baby_backpack":1,"minecraft:stone":931,"minecraft:cooked_mutton":15,"minecraft:deepslate_brick_stairs":168,"minecraft:glass":56,"minecraft:stone_brick_slab":66,"culturaldelights:avocado_toast":16,"minecraft:iron_boots":1,"winterly:cryomarble":2,"winterly:cryomarble_pickaxe":1,"minecraft:chest":2,"minecraft:stone_bricks":788,"minecraft:smoker":2,"minecraft:cooked_porkchop":32,"minecraft:crafting_table":2,"minecraft:spruce_planks":2696,"minecraft:iron_helmet":1,"minecraft:wooden_pickaxe":1,"minecraft:spruce_door":12,"minecraft:mossy_cobblestone":32,"minecraft:campfire":9,"minecraft:stone_brick_stairs":64,"minecraft:spruce_trapdoor":354,"minecraft:iron_chestplate":1,"inmis:plated_backpack":1,"minecraft:shield":2,"minecraft:stick":434,"minecraft:iron_ingot":123,"minecraft:iron_pickaxe":2,"minecraft:stone_sword":1,"minecraft:gold_ingot":30,"inmis:frayed_backpack":1,"minecraft:spruce_fence_gate":40,"minecraft:deepslate_bricks":2816,"minecraft:shears":2,"minecraft:deepslate_tile_slab":320,"minecraft:coal":41,"minecraft:stone_shovel":1,"minecraft:stone_brick_wall":36,"minecraft:iron_nugget":63,"comforts:sleeping_bag_white":1,"minecraft:spruce_button":10,"minecraft:cobbled_deepslate":141,"inmis:gilded_backpack":1,"minecraft:furnace":7,"charm:oak_chest":6,"minecraft:spruce_fence":183,"minecraft:glass_pane":48,"minecraft:stone_stairs":4,"minecraft:lantern":7,"minecraft:spruce_stairs":208,"minecraft:polished_deepslate":2880,"minecraft:iron_axe":5,"minecraft:spruce_slab":60,"minecraft:stone_pickaxe":1,"minecraft:deepslate_tile_wall":6,"minecraft:spruce_boat":1,"minecraft:iron_sword":2,"winterly:cryomarble_sword":1,"minecraft:deepslate_tiles":2560,"minecraft:stone_axe":1,"charm:spruce_chest":5,"minecraft:air":0,"minecraft:oak_boat":1,"justhammers:iron_hammer":7,"betterend:iron_hammer":1,"minecraft:iron_shovel":2,"minecraft:deepslate_tile_stairs":1024,"minecraft:iron_leggings":1,"minecraft:torch":104},"minecraft:killed_by":{"minecraft:creeper":2,"minecraft:zombie":1}},"DataVersion":3465}