{"stats":{"minecraft:used":{"minecraft:cooked_mutton":6,"minecraft:stone_sword":56,"minecraft:stone_pickaxe":175,"minecraft:wooden_pickaxe":6,"minecraft:stone_hoe":6,"minecraft:salmon":1,"minecraft:torch":5,"minecraft:dirt":7,"minecraft:crafting_table":3,"minecraft:white_bed":1,"minecraft:oak_log":1,"minecraft:bread":2,"minecraft:birch_sapling":1,"minecraft:stone_axe":31,"minecraft:cobblestone":16,"minecraft:furnace":5,"minecraft:andesite":4,"minecraft:birch_log":4,"tombstone:gift":2,"alexsmobs:animal_dictionary":2},"minecraft:custom":{"minecraft:interact_with_furnace":21,"minecraft:mob_kills":17,"minecraft:interact_with_crafting_table":13,"minecraft:play_one_minute":44355,"minecraft:leave_game":3,"minecraft:time_since_death":22960,"minecraft:sleep_in_bed":1,"minecraft:climb_one_cm":1032,"minecraft:time_since_rest":8996,"minecraft:sprint_one_cm":59093,"minecraft:damage_taken":827,"minecraft:walk_one_cm":82479,"minecraft:drop":5,"minecraft:damage_dealt":2302,"minecraft:swim_one_cm":5949,"minecraft:fly_one_cm":79372,"minecraft:open_chest":3,"minecraft:crouch_one_cm":5753,"tombstone:undead_killed":5,"minecraft:deaths":1,"minecraft:sneak_time":2295,"minecraft:walk_under_water_one_cm":1063,"minecraft:jump":611,"minecraft:walk_on_water_one_cm":654,"minecraft:fall_one_cm":18201},"minecraft:crafted":{"minecraft:oak_planks":68,"minecraft:crafting_table":1,"minecraft:iron_helmet":1,"minecraft:wooden_pickaxe":1,"minecraft:furnace":4,"minecraft:stone_axe":1,"minecraft:bread":6,"minecraft:cooked_mutton":6,"minecraft:air":0,"minecraft:iron_boots":1,"minecraft:iron_chestplate":1,"minecraft:stick":20,"minecraft:iron_ingot":24,"minecraft:stone_pickaxe":2,"minecraft:stone_sword":1,"minecraft:iron_leggings":1,"minecraft:white_bed":1,"minecraft:stone_hoe":1,"minecraft:torch":28,"minecraft:wheat":18},"minecraft:picked_up":{"minecraft:birch_log":16,"minecraft:crafting_table":3,"minecraft:salmon":1,"minecraft:andesite":4,"minecraft:wooden_pickaxe":1,"minecraft:oak_log":18,"minecraft:dirt":7,"minecraft:string":3,"alexsmobs:cockroach_wing_fragment":1,"minecraft:iron_ore":42,"minecraft:birch_sapling":2,"minecraft:oak_planks":18,"minecraft:furnace":5,"minecraft:white_bed":1,"minecraft:rotten_flesh":2,"ars_nouveau:worn_notebook":1,"minecraft:hay_block":5,"minecraft:bone_meal":1,"minecraft:oak_sapling":1,"minecraft:black_wool":1,"minecraft:mutton":6,"minecraft:coal":62,"minecraft:white_wool":3,"minecraft:cobblestone":90},"minecraft:mined":{"minecraft:white_bed":1,"minecraft:crafting_table":3,"minecraft:grass_block":66,"minecraft:hay_block":7,"minecraft:furnace":5,"minecraft:birch_log":16,"minecraft:iron_ore":42,"minecraft:birch_leaves":6,"minecraft:andesite":4,"minecraft:grass":2,"minecraft:oak_log":18,"minecraft:coal_ore":42,"minecraft:dirt":5,"minecraft:cobweb":1,"minecraft:stone":87,"minecraft:oak_leaves":29},"minecraft:broken":{"minecraft:stone_pickaxe":1},"minecraft:dropped":{"minecraft:birch_sapling":1,"alexsmobs:cockroach_wing_fragment":1,"minecraft:oak_sapling":1,"tombstone:grave_dust":1,"minecraft:wooden_pickaxe":1},"minecraft:killed":{"minecraft:salmon":1,"minecraft:spider":1,"minecraft:sheep":4,"minecraft:zombie":5,"alexsmobs:cockroach":1,"ars_nouveau:wilden_stalker":2,"ars_nouveau:summon_wolf":2,"ars_nouveau:wilden_hunter":1}},"DataVersion":2586}