{"stats":{"minecraft:killed":{"minecraft:husk":3,"minecraft:pig":3,"lycanitesmobs:banshee":1,"lycanitesmobs:roc":1,"minecraft:pillager":2,"lycanitesmobs:salamander":1,"lycanitesmobs:geonach":1,"lycanitesmobs:feradon":1},"minecraft:killed_by":{"lycanitesmobs:volcan":3,"lycanitesmobs:roc":1,"lycanitesmobs:ventoraptor":2,"lycanitesmobs:geonach":5,"lycanitesmobs:banshee":1,"lycanitesmobs:krake":2,"minecraft:skeleton":1,"minecraft:creeper":1,"lycanitesmobs:feradon":1,"lycanitesmobs:warg":1,"lycanitesmobs:grue":3,"animalium:wild_dog":1,"lycanitesmobs:chupacabra":1},"minecraft:crafted":{"minecraft:crafting_table":2,"minecraft:wooden_pickaxe":1,"byg:pine_planks":8,"minecraft:stone_axe":1,"minecraft:stick":12,"minecraft:stone_pickaxe":1,"minecraft:wooden_axe":1,"minecraft:stone_sword":1,"minecraft:dark_oak_planks":56},"minecraft:custom":{"minecraft:mob_kills":13,"tombstone:raider_killed":2,"minecraft:interact_with_crafting_table":7,"minecraft:play_one_minute":43904,"minecraft:leave_game":3,"minecraft:time_since_death":2389,"minecraft:time_since_rest":2190,"minecraft:sprint_one_cm":144396,"minecraft:damage_taken":5749,"minecraft:walk_one_cm":137714,"minecraft:drop":16,"minecraft:damage_dealt":2913,"minecraft:swim_one_cm":160,"minecraft:fly_one_cm":352651,"minecraft:open_chest":11,"minecraft:crouch_one_cm":8532,"tombstone:undead_killed":3,"minecraft:deaths":23,"minecraft:sneak_time":2221,"minecraft:walk_under_water_one_cm":7968,"minecraft:jump":1240,"minecraft:walk_on_water_one_cm":6058,"minecraft:fall_one_cm":19912},"minecraft:dropped":{"minecraft:birch_planks":2,"minecraft:wheat_seeds":3,"minecraft:stone_sword":1,"minecraft:feather":5,"minecraft:rotten_flesh":1,"minecraft:dirt":2,"betteranimalsplus:calamari_raw":2,"minecraft:diorite":10,"tombstone:grave_key":1,"lycanitesmobs:equipmentpart_geonachspear":1,"minecraft:wooden_pickaxe":2,"minecraft:quartz":5},"minecraft:mined":{"minecraft:stone_pressure_plate":1,"minecraft:chiseled_red_sandstone":1,"minecraft:stripped_dark_oak_log":14,"minecraft:dark_oak_log":1,"minecraft:smooth_sandstone":3,"minecraft:crafting_table":2,"minecraft:poppy":1,"minecraft:diorite":1,"minecraft:sandstone":1,"minecraft:spawner":3,"byg:meadow_dirt":1,"byg:short_grass":1,"byg:pine_log":2,"byg:meadow_grass_block":5,"minecraft:grass":14,"minecraft:coal_ore":41,"minecraft:vine":1,"minecraft:cut_red_sandstone":2,"lycanitesmobs:scorchfire":7,"minecraft:stone":21,"minecraft:oak_leaves":3,"minecraft:tripwire":1},"minecraft:picked_up":{"minecraft:crafting_table":2,"betteranimalsplus:calamari_raw":2,"minecraft:feather":5,"minecraft:magma_cream":4,"minecraft:leather":2,"minecraft:wooden_pickaxe":1,"minecraft:birch_planks":4,"croptopia:calamari":1,"lycanitesmobs:equipmentpart_geonachspear":2,"minecraft:dirt":2,"byg:meadow_dirt":6,"minecraft:bone":7,"byg:pine_log":2,"minecraft:wheat_seeds":1,"minecraft:iron_ore":3,"minecraft:soul_sand":3,"minecraft:sandstone":1,"minecraft:stone":18,"betteranimalsplus:bear_skin_brown":2,"minecraft:quartz":10,"minecraft:porkchop":4,"minecraft:ink_sac":1,"minecraft:diorite":6,"minecraft:dark_oak_log":1,"minecraft:stone_pressure_plate":1,"minecraft:cut_red_sandstone":2,"minecraft:stone_sword":1,"minecraft:rotten_flesh":1,"ars_nouveau:worn_notebook":1,"minecraft:stripped_dark_oak_log":14,"minecraft:coal":28,"minecraft:cobblestone":62,"minecraft:ender_pearl":1},"minecraft:used":{"minecraft:iron_ore":1,"minecraft:stone_sword":80,"minecraft:stone_pickaxe":108,"minecraft:wooden_pickaxe":4,"minecraft:stone":17,"minecraft:cookie":2,"minecraft:white_wool":2,"minecraft:crafting_table":3,"byg:meadow_dirt":1,"minecraft:wooden_axe":6,"minecraft:dark_oak_planks":1,"minecraft:dark_oak_log":1,"tombstone:grave_key":13,"minecraft:stone_axe":1,"minecraft:cobblestone":3,"tombstone:gift":2}},"DataVersion":2586}