{"stats":{"minecraft:killed":{"lycanitesmobs:banshee":1,"lycanitesmobs:roc":1,"lycanitesmobs:gnekk":1,"minecraft:skeleton":2,"minecraft:husk":3,"minecraft:pig":3,"lycanitesmobs:grue":1,"lycanitesmobs:wraamon":1,"minecraft:pillager":2,"lycanitesmobs:salamander":1,"lycanitesmobs:geonach":3,"lycanitesmobs:feradon":1},"minecraft:killed_by":{"lycanitesmobs:ventoraptor":2,"minecraft:piglin_brute":1,"lycanitesmobs:krake":2,"minecraft:creeper":1,"lycanitesmobs:feradon":1,"lycanitesmobs:warg":1,"lycanitesmobs:chupacabra":1,"lycanitesmobs:gnekk":2,"lycanitesmobs:volcan":3,"lycanitesmobs:roc":1,"lycanitesmobs:geonach":8,"lycanitesmobs:banshee":1,"minecraft:skeleton":2,"alexsmobs:tarantula_hawk":1,"lycanitesmobs:grue":4,"animalium:wild_dog":1,"lycanitesmobs:wraamon":1},"minecraft:crafted":{"minecraft:stone_shovel":1,"minecraft:furnace":3,"byg:pine_planks":8,"minecraft:glass":22,"minecraft:iron_axe":1,"minecraft:stone_pickaxe":1,"minecraft:chest":2,"minecraft:dark_oak_planks":56,"minecraft:stone_hoe":1,"minecraft:crafting_table":2,"minecraft:spruce_planks":12,"travelersbackpack:backpack_tank":2,"minecraft:wooden_pickaxe":1,"minecraft:stone_axe":1,"minecraft:air":0,"minecraft:shield":1,"minecraft:stick":28,"minecraft:iron_ingot":3,"minecraft:iron_pickaxe":1,"minecraft:wooden_axe":1,"minecraft:stone_sword":1,"minecraft:torch":32},"minecraft:custom":{"minecraft:mob_kills":20,"minecraft:interact_with_crafting_table":16,"minecraft:leave_game":4,"minecraft:time_since_death":24,"minecraft:climb_one_cm":1782,"minecraft:sprint_one_cm":273029,"minecraft:walk_one_cm":281653,"minecraft:damage_blocked_by_shield":174,"minecraft:drop":30,"minecraft:talked_to_villager":2,"minecraft:deaths":33,"minecraft:sneak_time":3664,"minecraft:walk_under_water_one_cm":9755,"minecraft:jump":2181,"minecraft:walk_on_water_one_cm":6940,"minecraft:interact_with_furnace":16,"tombstone:raider_killed":2,"minecraft:play_one_minute":75887,"minecraft:sleep_in_bed":2,"minecraft:time_since_rest":1,"minecraft:damage_taken":9073,"minecraft:trigger_trapped_chest":2,"minecraft:damage_dealt":4601,"minecraft:swim_one_cm":1460,"minecraft:fly_one_cm":600989,"minecraft:open_chest":63,"minecraft:crouch_one_cm":15132,"tombstone:undead_killed":5,"minecraft:fall_one_cm":35882},"minecraft:mined":{"minecraft:stone_pressure_plate":1,"minecraft:chiseled_red_sandstone":1,"minecraft:dark_oak_log":1,"minecraft:granite":6,"minecraft:brick_stairs":1,"minecraft:spruce_leaves":14,"minecraft:sandstone":1,"minecraft:spawner":4,"minecraft:hay_block":28,"minecraft:carrots":32,"byg:iris":2,"minecraft:iron_ore":30,"minecraft:potatoes":31,"minecraft:vine":1,"byg:rocky_stone":3,"minecraft:stone":51,"minecraft:tripwire":1,"minecraft:stripped_dark_oak_log":14,"minecraft:smooth_sandstone":3,"minecraft:crafting_table":2,"minecraft:poppy":1,"byg:yellow_birch_leaves":1,"minecraft:chest":1,"minecraft:bricks":1,"minecraft:diorite":1,"minecraft:light_blue_bed":1,"minecraft:birch_log":17,"byg:meadow_dirt":1,"minecraft:lilac":1,"minecraft:spruce_log":53,"byg:short_grass":3,"byg:pine_log":2,"byg:meadow_grass_block":5,"minecraft:grass":91,"minecraft:coal_ore":53,"minecraft:beetroots":1,"minecraft:sand":27,"minecraft:dirt":12,"byg:peat":3,"lycanitesmobs:scorchfire":7,"minecraft:cut_red_sandstone":2,"minecraft:oak_leaves":3},"minecraft:dropped":{"byg:peat":3,"minecraft:soul_sand":3,"minecraft:birch_planks":4,"minecraft:wheat_seeds":4,"minecraft:feather":5,"minecraft:granite":6,"minecraft:dirt":14,"minecraft:diorite":20,"tombstone:grave_key":1,"minecraft:wooden_axe":1,"minecraft:stone_sword":1,"minecraft:rotten_flesh":1,"minecraft:stone":1,"betteranimalsplus:calamari_raw":2,"byg:rocky_stone":3,"minecraft:beetroot_seeds":4,"minecraft:stone_pressure_plate":1,"lycanitesmobs:equipmentpart_geonachspear":1,"minecraft:sandstone":1,"minecraft:wooden_pickaxe":2,"minecraft:quartz":5},"minecraft:picked_up":{"minecraft:crafting_table":2,"betteranimalsplus:calamari_raw":2,"minecraft:wooden_pickaxe":1,"croptopia:calamari":1,"byg:peat":3,"lycanitesmobs:equipmentpart_geonachspear":2,"minecraft:beetroot":1,"byg:pine_log":2,"minecraft:chest":1,"minecraft:sandstone":1,"minecraft:stone":28,"minecraft:porkchop":4,"minecraft:diorite":11,"minecraft:carrot":124,"minecraft:light_blue_bed":1,"minecraft:stone_pressure_plate":1,"minecraft:stone_sword":1,"minecraft:arrow":2,"minecraft:rotten_flesh":1,"minecraft:beetroot_seeds":4,"ars_nouveau:worn_notebook":1,"minecraft:hay_block":28,"minecraft:brick_stairs":1,"byg:rocky_stone":3,"minecraft:cobblestone":98,"minecraft:birch_log":17,"minecraft:feather":5,"minecraft:magma_cream":4,"minecraft:leather":2,"minecraft:potato":117,"minecraft:birch_planks":4,"minecraft:dirt":14,"byg:meadow_dirt":6,"minecraft:bone":8,"minecraft:wheat_seeds":11,"lycanitesmobs:poisongland":1,"minecraft:iron_ore":43,"minecraft:rabbit":1,"minecraft:soul_sand":3,"betteranimalsplus:bear_skin_brown":2,"minecraft:quartz":24,"minecraft:sand":26,"minecraft:ink_sac":2,"minecraft:spruce_log":80,"minecraft:dark_oak_log":1,"minecraft:cut_red_sandstone":2,"minecraft:slime_ball":2,"minecraft:granite":6,"minecraft:stripped_dark_oak_log":14,"minecraft:bricks":1,"minecraft:coal":43,"minecraft:ender_pearl":3},"minecraft:used":{"minecraft:stone_sword":111,"minecraft:stone_shovel":56,"minecraft:chest":3,"minecraft:shield":8,"minecraft:stone":17,"minecraft:stone_hoe":28,"minecraft:torch":17,"minecraft:carrot":37,"minecraft:dark_oak_planks":1,"minecraft:wooden_axe":6,"minecraft:light_blue_bed":1,"carryon:tile_item":1,"minecraft:furnace":3,"tombstone:gift":4,"minecraft:potato":37,"minecraft:iron_ore":1,"minecraft:stone_pickaxe":138,"minecraft:wooden_pickaxe":4,"minecraft:cookie":6,"minecraft:white_wool":2,"minecraft:crafting_table":4,"byg:meadow_dirt":1,"minecraft:dark_oak_log":1,"minecraft:bread":18,"minecraft:iron_pickaxe":71,"tombstone:grave_key":15,"minecraft:stone_axe":155,"minecraft:cobblestone":12}},"DataVersion":2586}