{"stats":{"minecraft:used":{"minecraft:stone_sword":130,"minecraft:iron_shovel":54,"byg:cattail":1,"minecraft:chest":1,"minecraft:iron_sword":294,"minecraft:stone_hoe":27,"minecraft:cooked_chicken":1,"minecraft:torch":23,"minecraft:dirt":7,"travelersbackpack:iron":1,"minecraft:iron_axe":20,"minecraft:birch_sapling":1,"minecraft:stone_bricks":1,"carryon:tile_item":1,"minecraft:golden_carrot":1,"minecraft:bow":10,"minecraft:furnace":11,"tombstone:gift":6,"minecraft:cooked_beef":2,"minecraft:cooked_mutton":7,"minecraft:baked_potato":1,"minecraft:oak_planks":1,"minecraft:stone_pickaxe":233,"minecraft:wooden_pickaxe":6,"minecraft:salmon":1,"minecraft:golden_apple":1,"minecraft:crafting_table":7,"minecraft:white_bed":7,"minecraft:oak_log":1,"minecraft:black_wool":2,"minecraft:iron_pickaxe":8,"minecraft:bread":47,"byg:pine_sapling":1,"minecraft:stone_axe":33,"travelersbackpack:standard":2,"minecraft:cobblestone":50,"minecraft:cooked_rabbit":1,"minecraft:andesite":4,"minecraft:birch_log":4,"alexsmobs:animal_dictionary":2},"minecraft:killed_by":{"iceandfire:gorgon":3,"minecraft:skeleton":3,"minecraft:zombie":1},"minecraft:custom":{"minecraft:mob_kills":89,"minecraft:interact_with_crafting_table":30,"minecraft:open_barrel":17,"minecraft:leave_game":6,"minecraft:time_since_death":23307,"minecraft:climb_one_cm":7048,"minecraft:sprint_one_cm":214660,"minecraft:walk_one_cm":267558,"minecraft:damage_blocked_by_shield":110,"minecraft:drop":37,"minecraft:sneak_time":4044,"minecraft:deaths":8,"minecraft:walk_under_water_one_cm":6484,"minecraft:jump":2073,"minecraft:walk_on_water_one_cm":5233,"minecraft:interact_with_furnace":47,"minecraft:play_one_minute":126650,"minecraft:sleep_in_bed":6,"minecraft:time_since_rest":1269,"minecraft:damage_taken":2147483647,"minecraft:damage_absorbed":40,"minecraft:trigger_trapped_chest":2,"minecraft:damage_dealt":18977,"minecraft:swim_one_cm":20021,"minecraft:fly_one_cm":315238,"minecraft:open_chest":49,"minecraft:crouch_one_cm":9496,"tombstone:undead_killed":56,"minecraft:fall_one_cm":48370},"minecraft:crafted":{"minecraft:oak_planks":68,"travelersbackpack:iron":1,"minecraft:furnace":4,"shieldexp:iron_shield":1,"minecraft:cooked_mutton":6,"minecraft:glass":14,"travelersbackpack:white_sleeping_bag":1,"minecraft:iron_boots":1,"minecraft:stone_pickaxe":2,"minecraft:chest":2,"minecraft:stone_hoe":1,"minecraft:wheat":261,"minecraft:crafting_table":2,"travelersbackpack:backpack_tank":2,"travelersbackpack:standard":1,"minecraft:wooden_pickaxe":1,"minecraft:iron_helmet":1,"minecraft:stone_axe":1,"minecraft:bread":87,"minecraft:air":0,"minecraft:iron_chestplate":1,"minecraft:stick":28,"minecraft:iron_ingot":42,"minecraft:stone_sword":1,"minecraft:iron_shovel":1,"minecraft:iron_leggings":1,"minecraft:white_bed":1,"minecraft:torch":28},"minecraft:picked_up":{"minecraft:crafting_table":7,"minecraft:charcoal":8,"minecraft:iron_chestplate":1,"minecraft:coarse_dirt":1,"apotheosis:weapon_book":1,"minecraft:wooden_pickaxe":1,"minecraft:stone_brick_wall":2,"minecraft:cooked_rabbit":1,"minecraft:enchanted_book":1,"minecraft:diamond_horse_armor":1,"minecraft:chain":2,"minecraft:string":27,"minecraft:item_frame":2,"apotheosis:scrap_tome":1,"minecraft:spruce_planks":14,"apotheosis:armor_feet_book":1,"minecraft:beef":13,"minecraft:spruce_slab":6,"minecraft:coal_block":7,"minecraft:chest":1,"minecraft:birch_sapling":2,"minecraft:spruce_trapdoor":3,"minecraft:furnace":13,"minecraft:iron_boots":1,"minecraft:torch":4,"minecraft:spruce_stairs":1,"minecraft:porkchop":6,"apotheosis:common_tome":2,"tombstone:grave_dust":9,"shieldexp:iron_shield":1,"byg:cattail":1,"byg:pine_sapling":1,"minecraft:arrow":35,"minecraft:rotten_flesh":14,"ars_nouveau:worn_notebook":2,"minecraft:hay_block":28,"minecraft:mutton":8,"minecraft:white_wool":4,"minecraft:cobblestone":112,"minecraft:birch_log":29,"minecraft:mossy_cobblestone_slab":1,"minecraft:leather_chestplate":1,"minecraft:feather":7,"minecraft:golden_carrot":1,"minecraft:andesite":4,"minecraft:salmon":1,"minecraft:leather":17,"minecraft:smoker":1,"minecraft:oak_log":18,"minecraft:cobblestone_wall":10,"minecraft:dirt":7,"tombstone:gift":1,"minecraft:name_tag":1,"minecraft:bone":35,"minecraft:stone_bricks":21,"minecraft:bow":1,"minecraft:wheat_seeds":1,"alexsmobs:cockroach_wing_fragment":1,"minecraft:iron_ore":42,"apotheosis:digger_book":1,"minecraft:mossy_stone_bricks":4,"minecraft:stone_hoe":1,"minecraft:oak_planks":66,"minecraft:book":6,"minecraft:dark_oak_slab":1,"minecraft:sweet_berries":3,"patchouli:guide_book":1,"minecraft:gravel":2,"apotheosis:null_book":1,"minecraft:sand":51,"minecraft:white_bed":7,"alexsmobs:animal_dictionary":1,"minecraft:leather_helmet":1,"minecraft:bone_meal":1,"iceandfire:gorgon_head":1,"minecraft:baked_potato":1,"minecraft:oak_sapling":1,"minecraft:black_wool":4,"minecraft:coal":81},"minecraft:broken":{"minecraft:stone_sword":1,"minecraft:stone_pickaxe":1},"minecraft:mined":{"minecraft:spruce_planks":7,"minecraft:white_bed":7,"minecraft:carved_pumpkin":2,"byg:cattail":1,"minecraft:grass_block":66,"minecraft:coal_block":7,"minecraft:spruce_leaves":1,"minecraft:spawner":2,"minecraft:hay_block":28,"minecraft:mossy_cobblestone_slab":1,"minecraft:furnace":13,"minecraft:iron_ore":42,"minecraft:snow":2,"minecraft:andesite":6,"minecraft:cobblestone_slab":1,"minecraft:stone":92,"minecraft:player_head":1,"minecraft:kelp_plant":1,"minecraft:smoker":1,"ars_nouveau:light_block":1,"minecraft:crafting_table":6,"minecraft:melon":3,"minecraft:chest":1,"minecraft:cobblestone":11,"minecraft:wall_torch":1,"minecraft:diorite":1,"minecraft:spruce_stairs":1,"minecraft:chain":2,"minecraft:coarse_dirt":1,"minecraft:dark_oak_slab":1,"minecraft:birch_log":16,"minecraft:birch_leaves":7,"minecraft:stone_brick_stairs":2,"minecraft:grass":3,"minecraft:black_wool":3,"minecraft:oak_log":18,"minecraft:coal_ore":43,"minecraft:gravel":2,"minecraft:sand":51,"minecraft:dirt":5,"minecraft:cobweb":1,"minecraft:cracked_stone_bricks":2,"minecraft:stone_bricks":8,"minecraft:mossy_stone_bricks":3,"minecraft:oak_leaves":29},"minecraft:dropped":{"minecraft:enchanted_book":3,"minecraft:iron_helmet":1,"minecraft:book":6,"minecraft:spruce_stairs":1,"minecraft:coal":1,"minecraft:item_frame":2,"minecraft:torch":9,"minecraft:mutton":2,"tombstone:grave_dust":1,"minecraft:birch_log":1,"minecraft:sweet_berries":3,"minecraft:cobblestone_wall":10,"alexsmobs:animal_dictionary":1,"minecraft:birch_sapling":1,"minecraft:oak_planks":48,"minecraft:name_tag":1,"patchouli:guide_book":1,"minecraft:chainmail_chestplate":1,"alexsmobs:cockroach_wing_fragment":1,"minecraft:spruce_trapdoor":3,"minecraft:spruce_planks":9,"minecraft:iron_chestplate":2,"minecraft:mossy_stone_bricks":4,"minecraft:stone_brick_wall":2,"minecraft:oak_sapling":1,"minecraft:stone_bricks":14,"minecraft:spruce_slab":6,"minecraft:wooden_pickaxe":1,"minecraft:bow":1,"minecraft:stone_pickaxe":1,"minecraft:black_wool":1},"minecraft:killed":{"minecraft:spider":1,"iceandfire:gorgon":1,"minecraft:zombie_horse":2,"minecraft:skeleton":34,"minecraft:silverfish":8,"ars_nouveau:summon_wolf":2,"minecraft:pig":3,"minecraft:salmon":1,"minecraft:sheep":5,"minecraft:zombie":19,"alexsmobs:cockroach":1,"ars_nouveau:wilden_stalker":2,"ars_nouveau:wilden_hunter":1,"minecraft:cow":7}},"DataVersion":2586}