{"stats":{"minecraft:broken":{"minecraft:stone_pickaxe":1,"minecraft:shield":1,"minecraft:iron_axe":4,"minecraft:stone_axe":1,"minecraft:iron_pickaxe":1},"minecraft:dropped":{"minecraft:wheat_seeds":29,"minecraft:crossbow":1,"minecraft:cobblestone":7,"minecraft:mossy_stone_brick_stairs":3,"minecraft:cracked_stone_bricks":1,"minecraft:flint":3,"snowyspirit:ginger_flower":1,"minecraft:emerald":1,"twigs:pebble":3,"minecraft:dirt":8,"minecraft:mutton":5,"minecraft:potion":3,"minecraft:iron_axe":1,"minecraft:iron_pickaxe":1,"minecraft:string":2,"minecraft:birch_log":6,"twigs:opaline_seashell":1,"minecraft:white_wool":24,"hybrid-aquatic:ghost_crab_claw":2,"minecraft:spruce_sapling":12,"twigs:twig":55,"minecraft:bone":1,"minecraft:stone_sword":1,"minecraft:cobbled_deepslate":3,"minecraft:raw_copper":26,"minecraft:stone_shovel":1,"minecraft:rotten_flesh":3,"minecraft:light_gray_wool":1,"minecraft:oak_planks":3,"minecraft:rabbit_foot":1,"supplementaries:flax_seeds":3,"mythic_charms:deepslate_fragment":1,"supplementaries:quiver":1,"minecraft:gunpowder":3,"culturaldelights:avocado":2,"minecraft:bundle":1,"minecraft:charcoal":4,"minecraft:mossy_stone_bricks":2,"minecraft:oak_sapling":3,"minecraft:stone_pressure_plate":4,"minecraft:stone_bricks":9,"minecraft:spruce_log":64,"minecraft:iron_ore":10,"minecraft:arrow":1,"minecraft:bow":2,"minecraft:wooden_pickaxe":2},"minecraft:used":{"culturaldelights:avocado_toast":10,"minecraft:iron_shovel":128,"minecraft:stone_sword":118,"minecraft:stone_shovel":12,"minecraft:poppy":3,"minecraft:shield":80,"minecraft:iron_sword":189,"minecraft:rotten_flesh":7,"minecraft:iron_chestplate":1,"minecraft:torch":104,"minecraft:dirt":19,"minecraft:carrot":4,"minecraft:granite":2,"minecraft:iron_axe":1262,"minecraft:iron_helmet":1,"minecraft:iron_boots":1,"minecraft:bow":2,"minecraft:hay_block":3,"minecraft:oak_sapling":7,"charm:oak_chest":5,"minecraft:furnace":17,"culturaldelights:avocado":1,"comforts:sleeping_bag_white":17,"minecraft:cobbled_deepslate":10,"minecraft:cooked_mutton":17,"minecraft:damaged_anvil":1,"minecraft:oak_planks":7,"minecraft:bundle":3,"minecraft:stone_pickaxe":133,"minecraft:wooden_pickaxe":8,"minecraft:golden_apple":1,"minecraft:crafting_table":15,"minecraft:blast_furnace":3,"minecraft:crossbow":10,"justhammers:iron_hammer":187,"minecraft:spruce_log":1,"minecraft:shears":33,"minecraft:smoker":8,"edenring:guide_book":1,"minecraft:apple":2,"minecraft:oxeye_daisy":1,"minecraft:bread":16,"minecraft:iron_pickaxe":744,"minecraft:string":1,"betterend:iron_hammer":3,"minecraft:chiseled_stone_bricks":2,"minecraft:stone_axe":117,"twigs:twig":1,"minecraft:cobblestone":35,"minecraft:cooked_porkchop":13,"minecraft:oak_boat":3},"minecraft:custom":{"minecraft:interact_with_smithing_table":1,"minecraft:interact_with_anvil":1,"minecraft:mob_kills":141,"minecraft:interact_with_crafting_table":65,"minecraft:open_barrel":7,"goblintraders:trade_with_goblin":40,"minecraft:leave_game":7,"minecraft:time_since_death":109465,"minecraft:climb_one_cm":3208,"minecraft:sprint_one_cm":463571,"minecraft:walk_one_cm":626381,"minecraft:damage_blocked_by_shield":3820,"minecraft:drop":74,"minecraft:talked_to_villager":6,"minecraft:play_time":346488,"minecraft:sneak_time":15011,"minecraft:deaths":4,"minecraft:walk_under_water_one_cm":14412,"minecraft:boat_one_cm":106732,"minecraft:interact_with_brewingstand":7,"minecraft:jump":3969,"minecraft:interact_with_blast_furnace":21,"minecraft:walk_on_water_one_cm":18981,"minecraft:total_world_time":346488,"minecraft:interact_with_furnace":154,"minecraft:interact_with_grindstone":1,"minecraft:sleep_in_bed":17,"minecraft:time_since_rest":13047,"minecraft:damage_absorbed":40,"minecraft:damage_taken":4069,"minecraft:damage_dealt":20592,"minecraft:swim_one_cm":7938,"minecraft:fly_one_cm":670654,"minecraft:crouch_one_cm":51956,"minecraft:open_chest":88,"minecraft:interact_with_smoker":31,"minecraft:fall_one_cm":96332},"minecraft:picked_up":{"minecraft:charcoal":4,"minecraft:crafting_table":14,"mythic_charms:deepslate_fragment":13,"minecraft:lead":1,"minecraft:wooden_pickaxe":1,"minecraft:gold_block":4,"minecraft:potion":2,"minecraft:stone_brick_stairs":13,"minecraft:brewing_stand":2,"spawnersplus:spawner_fragment":2,"minecraft:string":3,"hybrid-aquatic:ghost_crab_claw":2,"minecraft:raw_copper":26,"minecraft:iron_axe":1,"twigs:opaline_seashell":1,"minecraft:cracked_stone_bricks":26,"minecraft:cobbled_deepslate":26,"comforts:sleeping_bag_white":17,"twigs:pebble":16,"minecraft:beef":24,"minecraft:redstone_torch":2,"minecraft:oak_boat":3,"minecraft:coal_block":4,"minecraft:poppy":3,"minecraft:iron_pickaxe":1,"minecraft:light_gray_wool":1,"minecraft:melon_slice":62,"minecraft:sugar_cane":7,"minecraft:furnace":12,"minecraft:raw_iron":108,"charm:oak_chest":1,"minecraft:torch":26,"minecraft:porkchop":41,"minecraft:carrot":14,"minecraft:vine":32,"minecraft:redstone":7,"minecraft:rabbit_foot":1,"minecraft:stone_pressure_plate":4,"culturaldelights:avocado":16,"minecraft:arrow":40,"mythic_charms:experience_nugget":183,"minecraft:rotten_flesh":27,"minecraft:hay_block":68,"supplementaries:quiver":1,"minecraft:mutton":39,"minecraft:white_wool":27,"minecraft:cobblestone":1545,"minecraft:oxeye_daisy":1,"minecraft:birch_log":6,"minecraft:andesite":86,"minecraft:leather":18,"minecraft:smoker":6,"minecraft:flint":5,"minecraft:oak_log":93,"supplementaries:flax_seeds":3,"minecraft:gunpowder":3,"minecraft:lapis_lazuli":43,"minecraft:dirt":106,"minecraft:cooked_mutton":2,"minecraft:bone":35,"minecraft:apple":2,"minecraft:stone_bricks":224,"minecraft:bow":2,"snowyspirit:ginger_flower":1,"minecraft:wheat_seeds":29,"minecraft:raw_gold":25,"minecraft:mossy_stone_brick_stairs":3,"minecraft:iron_ore":10,"minecraft:mossy_stone_bricks":28,"twigs:twig":123,"minecraft:oak_planks":1,"minecraft:book":45,"minecraft:chiseled_stone_bricks":2,"minecraft:stone_brick_slab":1,"minecraft:gravel":26,"minecraft:spruce_sapling":178,"minecraft:blast_furnace":4,"minecraft:spruce_log":1187,"winterly:cryomarble_shard":6,"minecraft:bundle":2,"minecraft:slime_ball":29,"minecraft:diamond":3,"minecraft:crossbow":1,"minecraft:granite":24,"minecraft:bread":11,"minecraft:emerald":4,"minecraft:oak_sapling":10,"minecraft:damaged_anvil":1,"minecraft:coal":391},"minecraft:mined":{"winterly:raw_cryomarble_shard":6,"minecraft:deepslate_tiles":1,"spawn:anthill":1,"culturaldelights:avocado_bundle":5,"minecraft:deepslate_diamond_ore":3,"farmersdelight:wild_carrots":14,"universal_ores:calcite_coal_ore":2,"minecraft:brewing_stand":2,"minecraft:dark_oak_fence":2,"minecraft:granite":8,"minecraft:grass_block":89,"minecraft:coal_block":4,"minecraft:soul_campfire":1,"minecraft:spruce_leaves":1,"minecraft:oxeye_daisy":1,"minecraft:chiseled_stone_bricks":2,"minecraft:spawner":2,"snowyspirit:wild_ginger":2,"minecraft:hay_block":69,"minecraft:furnace":12,"minecraft:iron_ore":39,"minecraft:cobbled_deepslate":2,"minecraft:andesite":1,"minecraft:deepslate_lapis_ore":7,"twigs:bronzed_seashell":1,"minecraft:gold_block":4,"minecraft:mossy_stone_brick_stairs":3,"minecraft:bookshelf":15,"minecraft:deepslate_iron_ore":45,"minecraft:vine":33,"minecraft:stone":263,"twigs:opaline_seashell":1,"universal_ores:diorite_iron_ore":2,"minecraft:podzol":1,"twigs:pebble":2,"minecraft:smoker":6,"minecraft:stone_brick_slab":1,"charm:oak_chest":1,"promenade:blush_sakura_blossoms":1,"minecraft:crafting_table":14,"minecraft:torch":9,"minecraft:blast_furnace":4,"minecraft:melon":13,"minecraft:copper_ore":1,"minecraft:tall_grass":27,"minecraft:cobblestone":9,"minecraft:deepslate_gold_ore":25,"minecraft:sugar_cane":3,"minecraft:damaged_anvil":1,"minecraft:diorite":2,"minecraft:wall_torch":7,"supplementaries:urn":7,"minecraft:birch_log":6,"minecraft:spruce_log":1168,"minecraft:birch_leaves":1,"minecraft:stone_brick_stairs":13,"minecraft:grass":291,"minecraft:coal_ore":130,"minecraft:oak_log":74,"minecraft:gravel":31,"minecraft:dirt":19,"minecraft:cobweb":1,"minecraft:cracked_stone_bricks":28,"minecraft:stone_bricks":230,"minecraft:mossy_stone_bricks":28,"minecraft:oak_leaves":12,"minecraft:deepslate":14,"minecraft:fern":4},"minecraft:killed":{"minecraft:vindicator":4,"minecraft:spider":3,"illagerinvasion:marauder":1,"naturalist:boar":15,"naturalist:snail":1,"minecraft:skeleton":26,"spawn:ant":1,"adventurez:orc":1,"naturalist:vulture":1,"minecraft:pig":6,"naturalist:bear":1,"minecraft:creeper":1,"hybrid-aquatic:ghost_crab":1,"minecraft:sheep":23,"minecraft:pillager":8,"minecraft:zombie":30,"friendsandfoes:moobloom":3,"minecraft:enderman":1,"minecraft:cow":11},"minecraft:crafted":{"minecraft:oak_planks":108,"minecraft:stone_shovel":1,"minecraft:coal":5,"minecraft:stone_brick_wall":36,"inmis:baby_backpack":1,"comforts:sleeping_bag_white":1,"minecraft:spruce_button":10,"minecraft:cobbled_deepslate":3,"inmis:gilded_backpack":1,"minecraft:furnace":7,"minecraft:stone":474,"charm:oak_chest":6,"minecraft:spruce_fence":183,"minecraft:stone_stairs":4,"minecraft:cooked_mutton":15,"minecraft:stone_brick_slab":66,"minecraft:spruce_stairs":208,"culturaldelights:avocado_toast":16,"minecraft:iron_boots":1,"minecraft:iron_axe":5,"minecraft:spruce_slab":60,"minecraft:stone_pickaxe":1,"minecraft:chest":2,"minecraft:stone_bricks":468,"minecraft:smoker":2,"minecraft:cooked_porkchop":32,"minecraft:crafting_table":2,"minecraft:spruce_planks":2152,"minecraft:iron_helmet":1,"minecraft:wooden_pickaxe":1,"minecraft:iron_sword":1,"minecraft:spruce_door":12,"minecraft:mossy_cobblestone":32,"minecraft:stone_axe":1,"minecraft:air":0,"minecraft:stone_brick_stairs":64,"minecraft:oak_boat":1,"minecraft:spruce_trapdoor":354,"justhammers:iron_hammer":1,"minecraft:iron_chestplate":1,"inmis:plated_backpack":1,"minecraft:shield":2,"minecraft:stick":178,"betterend:iron_hammer":1,"minecraft:iron_ingot":123,"minecraft:iron_pickaxe":1,"minecraft:stone_sword":1,"minecraft:iron_shovel":1,"minecraft:iron_leggings":1,"minecraft:gold_ingot":30,"inmis:frayed_backpack":1,"minecraft:torch":96,"minecraft:shears":1},"minecraft:killed_by":{"minecraft:creeper":1,"minecraft:zombie":1}},"DataVersion":3465}