{"stats":{"minecraft:broken":{"minecraft:stone_pickaxe":1,"minecraft:stone_axe":1,"minecraft:iron_sword":1,"minecraft:shield":1,"minecraft:iron_axe":4,"minecraft:iron_pickaxe":1},"minecraft:custom":{"minecraft:interact_with_crafting_table":109,"minecraft:open_barrel":7,"goblintraders:trade_with_goblin":40,"minecraft:bell_ring":3,"minecraft:leave_game":7,"minecraft:time_since_death":36464,"minecraft:sprint_one_cm":685351,"minecraft:damage_blocked_by_shield":5270,"minecraft:drop":153,"minecraft:talked_to_villager":11,"minecraft:play_time":592156,"minecraft:deaths":8,"minecraft:jump":6234,"minecraft:interact_with_brewingstand":7,"minecraft:walk_on_water_one_cm":24896,"minecraft:interact_with_furnace":226,"minecraft:sleep_in_bed":30,"minecraft:damage_dealt":41508,"minecraft:crouch_one_cm":88981,"minecraft:interact_with_smoker":50,"minecraft:interact_with_smithing_table":1,"minecraft:mob_kills":229,"minecraft:interact_with_anvil":3,"minecraft:climb_one_cm":6011,"minecraft:walk_one_cm":1139495,"minecraft:raid_win":1,"minecraft:sneak_time":26427,"minecraft:walk_under_water_one_cm":17690,"minecraft:boat_one_cm":180210,"minecraft:interact_with_blast_furnace":21,"minecraft:total_world_time":592156,"minecraft:raid_trigger":1,"minecraft:interact_with_grindstone":2,"minecraft:interact_with_stonecutter":4,"minecraft:time_since_rest":8535,"minecraft:damage_taken":7506,"minecraft:damage_absorbed":120,"minecraft:swim_one_cm":7938,"minecraft:fly_one_cm":1061216,"minecraft:open_chest":285,"minecraft:fall_one_cm":151224},"minecraft:used":{"minecraft:iron_shovel":276,"minecraft:poppy":3,"minecraft:shield":114,"minecraft:iron_sword":250,"minecraft:rotten_flesh":7,"minecraft:iron_chestplate":1,"minecraft:carrot":4,"minecraft:spruce_boat":1,"minecraft:grass_block":499,"minecraft:iron_helmet":1,"minecraft:stone_brick_stairs":19,"minecraft:stone_bricks":458,"minecraft:bow":2,"minecraft:hay_block":3,"minecraft:scaffolding":5,"minecraft:oak_sapling":7,"minecraft:furnace":17,"culturaldelights:avocado":1,"winterly:cryomarble_pickaxe":61,"minecraft:damaged_anvil":1,"minecraft:spruce_door":2,"minecraft:oak_planks":7,"minecraft:stone_pickaxe":133,"minecraft:wooden_pickaxe":8,"winterly:cryomarble_sword":226,"minecraft:golden_apple":3,"minecraft:blast_furnace":4,"minecraft:crossbow":16,"minecraft:shears":147,"minecraft:bread":16,"minecraft:string":1,"promenade:blunite":2,"minecraft:grindstone":1,"minecraft:oak_boat":3,"minecraft:oak_trapdoor":24,"culturaldelights:avocado_toast":10,"minecraft:stone_sword":118,"minecraft:stone_shovel":12,"minecraft:spruce_planks":146,"minecraft:torch":115,"minecraft:dirt":707,"charm:spruce_chest":6,"minecraft:granite":8,"minecraft:stone_brick_slab":9,"minecraft:iron_axe":1286,"minecraft:iron_boots":1,"minecraft:black_stained_glass":24,"charm:oak_chest":5,"comforts:sleeping_bag_white":30,"minecraft:cobbled_deepslate":69,"minecraft:cooked_mutton":28,"minecraft:bundle":3,"minecraft:stonecutter":1,"minecraft:crafting_table":15,"minecraft:spruce_log":1,"minecraft:smoker":8,"justhammers:iron_hammer":658,"minecraft:oak_log":88,"edenring:guide_book":1,"minecraft:apple":2,"minecraft:oxeye_daisy":2,"minecraft:iron_pickaxe":1296,"betterend:iron_hammer":3,"sawmill:sawmill":1,"minecraft:stone_axe":117,"twigs:twig":1,"minecraft:chiseled_stone_bricks":2,"minecraft:cobblestone":41,"minecraft:white_banner":1,"minecraft:cooked_porkchop":32},"minecraft:dropped":{"minecraft:iron_sword":1,"minecraft:glass_bottle":6,"minecraft:cooked_porkchop":1,"minecraft:crossbow":1,"minecraft:mossy_stone_brick_stairs":3,"minecraft:cracked_stone_bricks":1,"snowyspirit:ginger_flower":1,"minecraft:flint":3,"minecraft:emerald":5,"twigs:pebble":3,"minecraft:dirt":8,"minecraft:grass":7,"minecraft:cornflower":1,"minecraft:mutton":5,"minecraft:gold_nugget":36,"minecraft:iron_pickaxe":1,"minecraft:birch_log":6,"minecraft:white_wool":24,"twigs:twig":57,"minecraft:bone":6,"minecraft:stone_axe":1,"minecraft:iron_nugget":16,"minecraft:cobbled_deepslate":10,"minecraft:wheat":11,"minecraft:rotten_flesh":14,"minecraft:oak_planks":3,"justhammers:iron_hammer":1,"minecraft:rabbit_foot":1,"minecraft:chainmail_chestplate":1,"supplementaries:flax_seeds":3,"mythic_charms:deepslate_fragment":11,"minecraft:gunpowder":9,"promenade:blunite":7,"minecraft:charcoal":4,"minecraft:melon_seeds":3,"minecraft:chainmail_boots":1,"minecraft:iron_ore":10,"minecraft:arrow":1,"minecraft:vine":2,"minecraft:wheat_seeds":72,"illagerinvasion:platinum_infused_hatchet":1,"minecraft:cobblestone":104,"minecraft:book":3,"minecraft:granite":3,"minecraft:chainmail_helmet":1,"minecraft:grass_block":1,"minecraft:stick":6,"minecraft:diorite":8,"mythic_charms:experience_nugget":18,"minecraft:potion":3,"minecraft:white_banner":3,"minecraft:stonecutter":1,"minecraft:iron_axe":1,"minecraft:chainmail_leggings":1,"minecraft:iron_shovel":1,"minecraft:paper":2,"minecraft:string":2,"twigs:opaline_seashell":1,"hybrid-aquatic:ghost_crab_claw":2,"minecraft:spruce_sapling":12,"minecraft:redstone":13,"twigs:rhyolite":18,"minecraft:stone_sword":1,"minecraft:raw_copper":26,"minecraft:tuff":28,"minecraft:raw_iron":2,"minecraft:stone_shovel":1,"minecraft:light_gray_wool":1,"supplementaries:quiver":1,"minecraft:shield":2,"culturaldelights:avocado":2,"minecraft:bundle":1,"minecraft:andesite":26,"minecraft:mossy_stone_bricks":2,"minecraft:oak_sapling":3,"minecraft:stone_pressure_plate":4,"minecraft:stone_bricks":9,"minecraft:slime_ball":2,"minecraft:spruce_log":64,"minecraft:bow":3,"minecraft:wooden_pickaxe":2},"minecraft:picked_up":{"minecraft:wheat":11,"minecraft:chainmail_boots":1,"mythic_charms:deepslate_fragment":672,"minecraft:lead":1,"minecraft:potion":2,"minecraft:stone_brick_stairs":21,"minecraft:brewing_stand":2,"spawnersplus:spawner_fragment":2,"hybrid-aquatic:ghost_crab_claw":2,"minecraft:string":12,"minecraft:raw_copper":26,"illagerinvasion:platinum_infused_hatchet":2,"minecraft:cobbled_deepslate":3489,"minecraft:gold_nugget":36,"minecraft:spruce_planks":2,"comforts:sleeping_bag_white":30,"twigs:pebble":16,"minecraft:redstone_torch":4,"minecraft:iron_pickaxe":1,"minecraft:coal_block":4,"minecraft:melon_slice":62,"minecraft:furnace":12,"minecraft:stick":3,"charm:oak_chest":1,"minecraft:torch":37,"minecraft:porkchop":41,"minecraft:diorite":8,"minecraft:vine":34,"minecraft:rabbit_foot":1,"culturaldelights:avocado":16,"minecraft:rotten_flesh":38,"supplementaries:antique_ink":5,"supplementaries:quiver":1,"minecraft:cobblestone":1650,"minecraft:birch_log":6,"minecraft:andesite":112,"minecraft:smoker":6,"minecraft:flint":5,"minecraft:tuff":101,"supplementaries:flax_seeds":3,"minecraft:lapis_lazuli":116,"minecraft:dirt":126,"minecraft:bone":43,"snowyspirit:ginger_flower":1,"minecraft:stonecutter":1,"minecraft:bow":3,"minecraft:wheat_seeds":105,"minecraft:raw_gold":131,"minecraft:grindstone":1,"minecraft:mossy_stone_bricks":31,"twigs:twig":126,"minecraft:oak_planks":1,"minecraft:mossy_stone_brick_stairs":3,"friendsandfoes:totem_of_freezing":2,"minecraft:cooked_porkchop":1,"minecraft:sand":132,"winterly:cryomarble_shard":15,"minecraft:bundle":2,"minecraft:diamond":34,"minecraft:spruce_boat":1,"minecraft:crossbow":1,"minecraft:granite":33,"minecraft:grass":49,"minecraft:chainmail_helmet":1,"minecraft:emerald":24,"minecraft:bread":11,"twigs:rhyolite":41,"minecraft:oak_sapling":10,"minecraft:oak_leaves":61,"minecraft:charcoal":4,"minecraft:crafting_table":14,"friendsandfoes:totem_of_illusion":2,"minecraft:wooden_pickaxe":1,"minecraft:gold_block":4,"promenade:blunite":9,"minecraft:shield":1,"minecraft:cornflower":3,"minecraft:iron_axe":1,"twigs:opaline_seashell":1,"minecraft:cracked_stone_bricks":29,"minecraft:beef":24,"minecraft:oak_boat":3,"sawmill:sawmill":1,"minecraft:iron_nugget":16,"minecraft:poppy":3,"minecraft:light_gray_wool":1,"minecraft:sugar_cane":7,"minecraft:raw_iron":291,"minecraft:carrot":14,"minecraft:redstone":17,"minecraft:stone_pressure_plate":4,"mythic_charms:experience_nugget":266,"minecraft:arrow":70,"charm:spruce_chest":1,"minecraft:hay_block":68,"minecraft:totem_of_undying":1,"minecraft:mutton":39,"minecraft:skeleton_skull":1,"minecraft:white_wool":27,"minecraft:oxeye_daisy":5,"minecraft:leather":18,"minecraft:oak_log":98,"minecraft:chainmail_chestplate":1,"minecraft:gunpowder":11,"minecraft:deepslate_tile_slab":4,"minecraft:paper":6,"minecraft:white_banner":5,"minecraft:cooked_mutton":2,"minecraft:apple":2,"minecraft:stone_bricks":397,"minecraft:iron_ore":10,"minecraft:glass_bottle":14,"minecraft:iron_sword":1,"minecraft:book":48,"minecraft:chiseled_stone_bricks":2,"minecraft:stone_brick_slab":4,"minecraft:gravel":26,"minecraft:blast_furnace":4,"minecraft:spruce_sapling":178,"minecraft:spruce_log":1187,"minecraft:spider_eye":1,"minecraft:slime_ball":31,"minecraft:stone_axe":1,"minecraft:chainmail_leggings":1,"minecraft:damaged_anvil":1,"minecraft:melon_seeds":3,"minecraft:coal":440},"minecraft:mined":{"winterly:raw_cryomarble_shard":15,"spawn:anthill":1,"minecraft:spruce_planks":2,"culturaldelights:avocado_bundle":5,"minecraft:brewing_stand":2,"minecraft:granite":17,"minecraft:grass_block":92,"minecraft:coal_block":4,"minecraft:oxeye_daisy":6,"minecraft:chiseled_stone_bricks":2,"minecraft:spawner":2,"minecraft:iron_ore":82,"minecraft:cobbled_deepslate":10,"minecraft:deepslate_lapis_ore":9,"universal_ores:andesite_gold_ore":2,"minecraft:white_banner":1,"universal_ores:diorite_iron_ore":17,"minecraft:smoker":6,"universal_ores:granite_iron_ore":1,"minecraft:torch":9,"promenade:blush_sakura_blossoms":1,"minecraft:blast_furnace":4,"minecraft:melon":13,"minecraft:cobblestone":9,"minecraft:grindstone":1,"minecraft:sugar_cane":3,"minecraft:damaged_anvil":1,"minecraft:wall_torch":7,"minecraft:repeater":1,"minecraft:birch_log":6,"minecraft:wheat":2,"universal_ores:diorite_coal_ore":1,"minecraft:stone_brick_stairs":21,"minecraft:grass":648,"minecraft:oak_log":79,"minecraft:sand":133,"minecraft:dirt":37,"minecraft:stonecutter":1,"minecraft:oak_leaves":79,"minecraft:deepslate":92,"minecraft:deepslate_tiles":1,"minecraft:deepslate_diamond_ore":19,"universal_ores:andesite_iron_ore":4,"universal_ores:calcite_coal_ore":2,"farmersdelight:wild_carrots":14,"minecraft:dark_oak_fence":2,"sawmill:sawmill":1,"minecraft:redstone_wire":2,"minecraft:soul_campfire":1,"minecraft:spruce_leaves":1,"snowyspirit:wild_ginger":2,"minecraft:hay_block":69,"minecraft:furnace":12,"minecraft:andesite":26,"twigs:bronzed_seashell":1,"minecraft:gold_block":4,"minecraft:mossy_stone_brick_stairs":3,"minecraft:bookshelf":15,"minecraft:deepslate_iron_ore":91,"minecraft:vine":37,"minecraft:stone":363,"twigs:opaline_seashell":1,"minecraft:podzol":1,"twigs:pebble":2,"promenade:blunite":3,"minecraft:stone_brick_slab":5,"charm:oak_chest":1,"minecraft:cornflower":3,"minecraft:crafting_table":14,"charm:spruce_chest":1,"minecraft:tall_grass":60,"minecraft:copper_ore":1,"minecraft:lapis_ore":1,"minecraft:deepslate_gold_ore":85,"minecraft:diorite":6,"supplementaries:urn":18,"minecraft:spruce_log":1168,"minecraft:birch_leaves":1,"minecraft:coal_ore":160,"minecraft:gravel":31,"minecraft:cobweb":1,"minecraft:cracked_stone_bricks":31,"minecraft:stone_bricks":403,"minecraft:mossy_stone_bricks":31,"minecraft:gold_ore":6,"minecraft:fern":5},"minecraft:crafted":{"minecraft:oak_planks":128,"inmis:baby_backpack":1,"minecraft:stone":931,"minecraft:cooked_mutton":32,"minecraft:deepslate_brick_stairs":168,"minecraft:glass":56,"minecraft:stone_brick_slab":66,"culturaldelights:avocado_toast":16,"minecraft:iron_boots":2,"winterly:cryomarble":2,"winterly:cryomarble_pickaxe":1,"minecraft:chest":2,"minecraft:stone_bricks":788,"minecraft:smoker":2,"minecraft:cooked_porkchop":32,"minecraft:crafting_table":2,"minecraft:spruce_planks":2696,"minecraft:iron_helmet":1,"minecraft:wooden_pickaxe":1,"minecraft:spruce_door":12,"minecraft:mossy_cobblestone":32,"minecraft:campfire":9,"minecraft:stone_brick_stairs":64,"minecraft:spruce_trapdoor":354,"minecraft:iron_chestplate":1,"inmis:plated_backpack":1,"minecraft:shield":3,"minecraft:stick":434,"minecraft:iron_ingot":123,"minecraft:iron_pickaxe":2,"minecraft:stone_sword":1,"minecraft:gold_ingot":30,"inmis:frayed_backpack":1,"minecraft:spruce_fence_gate":40,"minecraft:deepslate_bricks":2816,"minecraft:shears":2,"minecraft:deepslate_tile_slab":320,"minecraft:coal":41,"minecraft:stone_shovel":1,"minecraft:stone_brick_wall":36,"minecraft:iron_nugget":63,"comforts:sleeping_bag_white":1,"minecraft:spruce_button":10,"minecraft:cobbled_deepslate":141,"inmis:gilded_backpack":1,"minecraft:furnace":7,"charm:oak_chest":6,"minecraft:spruce_fence":183,"minecraft:glass_pane":48,"minecraft:stone_stairs":4,"minecraft:lantern":7,"minecraft:spruce_stairs":208,"minecraft:polished_deepslate":2880,"minecraft:iron_axe":5,"minecraft:spruce_slab":60,"minecraft:stone_pickaxe":1,"minecraft:deepslate_tile_wall":6,"minecraft:spruce_boat":1,"minecraft:iron_sword":2,"winterly:cryomarble_sword":1,"minecraft:deepslate_tiles":2560,"minecraft:stone_axe":1,"charm:spruce_chest":5,"minecraft:air":0,"minecraft:oak_boat":1,"justhammers:iron_hammer":7,"minecraft:golden_apple":2,"betterend:iron_hammer":1,"minecraft:iron_shovel":2,"minecraft:deepslate_tile_stairs":1024,"minecraft:iron_leggings":2,"minecraft:torch":104},"minecraft:killed":{"illagerinvasion:archivist":1,"minecraft:witch":4,"minecraft:spider":11,"illagerinvasion:basher":5,"naturalist:boar":15,"naturalist:snail":1,"minecraft:skeleton":34,"illagerinvasion:provoker":2,"minecraft:illusioner":2,"spawn:ant":1,"illagerinvasion:inquisitor":1,"illagerinvasion:necromancer":2,"hybrid-aquatic:sea_nettle":1,"minecraft:pig":6,"illagerinvasion:alchemist":3,"minecraft:creeper":1,"minecraft:sheep":23,"minecraft:pillager":20,"minecraft:zombie":42,"illagerinvasion:sorcerer":1,"minecraft:cow":11,"minecraft:evoker":1,"minecraft:vindicator":10,"illagerinvasion:marauder":8,"friendsandfoes:iceologer":2,"adventurez:orc":1,"naturalist:vulture":1,"naturalist:bear":1,"minecraft:ravager":1,"hybrid-aquatic:ghost_crab":1,"friendsandfoes:moobloom":3,"minecraft:enderman":1},"minecraft:killed_by":{"minecraft:creeper":2,"minecraft:ravager":1,"minecraft:zombie":1}},"DataVersion":3465}