{"stats":{"minecraft:used":{"minecraft:cooked_mutton":7,"minecraft:stone_sword":130,"minecraft:iron_shovel":15,"byg:cattail":1,"minecraft:stone_pickaxe":198,"minecraft:chest":1,"minecraft:wooden_pickaxe":6,"minecraft:iron_sword":54,"minecraft:stone_hoe":27,"minecraft:salmon":1,"minecraft:torch":18,"minecraft:golden_apple":1,"minecraft:dirt":7,"minecraft:crafting_table":5,"minecraft:white_bed":2,"minecraft:oak_log":1,"minecraft:iron_axe":2,"minecraft:bread":16,"minecraft:birch_sapling":1,"carryon:tile_item":1,"minecraft:stone_axe":33,"minecraft:golden_carrot":1,"minecraft:cobblestone":40,"minecraft:furnace":11,"minecraft:birch_log":4,"minecraft:andesite":4,"tombstone:gift":2,"alexsmobs:animal_dictionary":2},"minecraft:killed_by":{"minecraft:skeleton":2,"minecraft:zombie":1},"minecraft:custom":{"minecraft:interact_with_furnace":47,"minecraft:mob_kills":47,"minecraft:open_barrel":3,"minecraft:interact_with_crafting_table":26,"minecraft:play_one_minute":80085,"minecraft:leave_game":4,"minecraft:time_since_death":1107,"minecraft:sleep_in_bed":2,"minecraft:climb_one_cm":3805,"minecraft:time_since_rest":1,"minecraft:sprint_one_cm":98672,"minecraft:damage_absorbed":40,"minecraft:damage_taken":2491,"minecraft:walk_one_cm":151230,"minecraft:drop":7,"minecraft:damage_dealt":8199,"minecraft:swim_one_cm":5949,"minecraft:fly_one_cm":127468,"minecraft:open_chest":22,"minecraft:crouch_one_cm":8298,"tombstone:undead_killed":30,"minecraft:deaths":4,"minecraft:sneak_time":3564,"minecraft:walk_under_water_one_cm":1063,"minecraft:jump":984,"minecraft:walk_on_water_one_cm":1282,"minecraft:fall_one_cm":22547},"minecraft:crafted":{"minecraft:oak_planks":68,"minecraft:crafting_table":1,"travelersbackpack:backpack_tank":2,"minecraft:wooden_pickaxe":1,"minecraft:iron_helmet":1,"minecraft:furnace":4,"minecraft:stone_axe":1,"shieldexp:iron_shield":1,"minecraft:bread":87,"minecraft:cooked_mutton":6,"minecraft:air":0,"minecraft:glass":14,"minecraft:iron_boots":1,"minecraft:iron_chestplate":1,"minecraft:stick":28,"minecraft:iron_ingot":42,"minecraft:stone_pickaxe":2,"minecraft:iron_shovel":1,"minecraft:stone_sword":1,"minecraft:chest":1,"minecraft:iron_leggings":1,"minecraft:white_bed":1,"minecraft:torch":28,"minecraft:stone_hoe":1,"minecraft:wheat":261},"minecraft:picked_up":{"minecraft:birch_log":28,"minecraft:charcoal":8,"minecraft:leather_chestplate":1,"minecraft:coarse_dirt":1,"minecraft:crafting_table":5,"minecraft:mossy_cobblestone_slab":1,"minecraft:golden_carrot":1,"minecraft:andesite":4,"minecraft:salmon":1,"minecraft:leather":10,"minecraft:wooden_pickaxe":1,"minecraft:smoker":1,"minecraft:cooked_rabbit":1,"minecraft:diamond_horse_armor":1,"minecraft:oak_log":18,"minecraft:chain":2,"minecraft:dirt":7,"minecraft:string":27,"tombstone:gift":1,"minecraft:name_tag":1,"minecraft:bone":9,"alexsmobs:cockroach_wing_fragment":1,"minecraft:iron_ore":42,"minecraft:chest":1,"minecraft:stone_hoe":1,"minecraft:birch_sapling":2,"minecraft:oak_planks":18,"minecraft:furnace":13,"minecraft:dark_oak_slab":1,"patchouli:guide_book":1,"minecraft:torch":2,"minecraft:gravel":2,"minecraft:sand":14,"tombstone:grave_dust":8,"minecraft:white_bed":2,"alexsmobs:animal_dictionary":1,"byg:cattail":1,"minecraft:arrow":9,"minecraft:leather_helmet":1,"minecraft:rotten_flesh":14,"ars_nouveau:worn_notebook":2,"minecraft:hay_block":28,"minecraft:bone_meal":1,"minecraft:baked_potato":1,"minecraft:oak_sapling":1,"minecraft:black_wool":1,"minecraft:mutton":6,"minecraft:coal":80,"minecraft:white_wool":3,"minecraft:cobblestone":107},"minecraft:mined":{"minecraft:white_bed":2,"minecraft:smoker":1,"ars_nouveau:light_block":1,"byg:cattail":1,"minecraft:crafting_table":5,"minecraft:grass_block":66,"minecraft:chest":1,"minecraft:cobblestone":6,"minecraft:wall_torch":1,"minecraft:hay_block":28,"minecraft:chain":2,"minecraft:coarse_dirt":1,"minecraft:mossy_cobblestone_slab":1,"minecraft:dark_oak_slab":1,"minecraft:furnace":13,"minecraft:birch_log":16,"minecraft:iron_ore":42,"minecraft:andesite":4,"minecraft:birch_leaves":6,"minecraft:grass":2,"minecraft:cobblestone_slab":1,"minecraft:oak_log":18,"minecraft:coal_ore":42,"minecraft:sand":14,"minecraft:gravel":2,"minecraft:dirt":5,"minecraft:cobweb":1,"minecraft:stone":87,"minecraft:oak_leaves":29},"minecraft:broken":{"minecraft:stone_pickaxe":1,"minecraft:stone_sword":1},"minecraft:dropped":{"minecraft:birch_sapling":1,"minecraft:coal":1,"minecraft:chainmail_chestplate":1,"alexsmobs:cockroach_wing_fragment":1,"minecraft:oak_sapling":1,"tombstone:grave_dust":1,"minecraft:wooden_pickaxe":1},"minecraft:killed":{"minecraft:salmon":1,"minecraft:spider":1,"minecraft:zombie_horse":2,"minecraft:sheep":4,"minecraft:skeleton":10,"minecraft:zombie":18,"alexsmobs:cockroach":1,"ars_nouveau:wilden_stalker":2,"minecraft:silverfish":4,"ars_nouveau:summon_wolf":2,"ars_nouveau:wilden_hunter":1}},"DataVersion":2586}