{"stats":{"minecraft:killed":{"minecraft:husk":3,"lycanitesmobs:banshee":1,"minecraft:pig":3,"lycanitesmobs:roc":1,"minecraft:pillager":2,"lycanitesmobs:salamander":1,"lycanitesmobs:geonach":1,"lycanitesmobs:feradon":1},"minecraft:killed_by":{"lycanitesmobs:volcan":3,"lycanitesmobs:roc":1,"lycanitesmobs:ventoraptor":2,"lycanitesmobs:geonach":5,"lycanitesmobs:banshee":1,"minecraft:piglin_brute":1,"lycanitesmobs:krake":2,"minecraft:skeleton":1,"minecraft:creeper":1,"lycanitesmobs:feradon":1,"lycanitesmobs:warg":1,"lycanitesmobs:grue":3,"animalium:wild_dog":1,"lycanitesmobs:chupacabra":1},"minecraft:crafted":{"minecraft:crafting_table":2,"minecraft:wooden_pickaxe":1,"byg:pine_planks":8,"minecraft:stone_axe":1,"minecraft:stick":12,"minecraft:chest":2,"minecraft:stone_pickaxe":1,"minecraft:wooden_axe":1,"minecraft:stone_sword":1,"minecraft:dark_oak_planks":56},"minecraft:custom":{"minecraft:mob_kills":13,"tombstone:raider_killed":2,"minecraft:interact_with_crafting_table":8,"minecraft:play_one_minute":57887,"minecraft:leave_game":4,"minecraft:time_since_death":13370,"minecraft:sleep_in_bed":1,"minecraft:climb_one_cm":1418,"minecraft:time_since_rest":8256,"minecraft:sprint_one_cm":204592,"minecraft:damage_taken":6397,"minecraft:walk_one_cm":190123,"minecraft:trigger_trapped_chest":2,"minecraft:drop":25,"minecraft:damage_dealt":2934,"minecraft:talked_to_villager":1,"minecraft:swim_one_cm":1460,"minecraft:open_chest":43,"minecraft:fly_one_cm":494790,"minecraft:crouch_one_cm":9133,"tombstone:undead_killed":3,"minecraft:deaths":24,"minecraft:sneak_time":2328,"minecraft:walk_under_water_one_cm":9755,"minecraft:jump":1689,"minecraft:walk_on_water_one_cm":6940,"minecraft:fall_one_cm":28047},"minecraft:dropped":{"minecraft:soul_sand":3,"minecraft:birch_planks":4,"minecraft:wheat_seeds":4,"minecraft:stone_sword":1,"minecraft:feather":5,"minecraft:rotten_flesh":1,"minecraft:dirt":2,"minecraft:stone":1,"betteranimalsplus:calamari_raw":2,"minecraft:diorite":20,"tombstone:grave_key":1,"minecraft:beetroot_seeds":4,"minecraft:stone_pressure_plate":1,"lycanitesmobs:equipmentpart_geonachspear":1,"minecraft:sandstone":1,"minecraft:wooden_pickaxe":2,"minecraft:quartz":5},"minecraft:mined":{"minecraft:stone_pressure_plate":1,"minecraft:chiseled_red_sandstone":1,"minecraft:stripped_dark_oak_log":14,"minecraft:dark_oak_log":1,"minecraft:smooth_sandstone":3,"minecraft:crafting_table":2,"minecraft:poppy":1,"byg:yellow_birch_leaves":1,"minecraft:chest":1,"minecraft:diorite":1,"minecraft:sandstone":1,"minecraft:spawner":4,"byg:iris":2,"minecraft:carrots":32,"minecraft:birch_log":17,"byg:meadow_dirt":1,"minecraft:lilac":1,"minecraft:spruce_log":26,"byg:short_grass":3,"byg:pine_log":2,"byg:meadow_grass_block":5,"minecraft:beetroots":1,"minecraft:grass":91,"minecraft:potatoes":31,"minecraft:coal_ore":41,"minecraft:vine":1,"minecraft:stone":21,"minecraft:cut_red_sandstone":2,"lycanitesmobs:scorchfire":7,"minecraft:oak_leaves":3,"minecraft:tripwire":1},"minecraft:picked_up":{"minecraft:birch_log":17,"minecraft:crafting_table":2,"betteranimalsplus:calamari_raw":2,"minecraft:feather":5,"minecraft:magma_cream":4,"minecraft:leather":2,"minecraft:wooden_pickaxe":1,"minecraft:potato":117,"minecraft:birch_planks":4,"croptopia:calamari":1,"minecraft:dirt":2,"lycanitesmobs:equipmentpart_geonachspear":2,"byg:meadow_dirt":6,"minecraft:bone":7,"minecraft:beetroot":1,"byg:pine_log":2,"minecraft:wheat_seeds":11,"minecraft:iron_ore":3,"minecraft:chest":1,"minecraft:soul_sand":3,"minecraft:sandstone":1,"minecraft:stone":18,"betteranimalsplus:bear_skin_brown":2,"minecraft:quartz":10,"minecraft:porkchop":4,"minecraft:spruce_log":26,"minecraft:ink_sac":2,"minecraft:diorite":11,"minecraft:carrot":124,"minecraft:dark_oak_log":1,"minecraft:stone_pressure_plate":1,"minecraft:cut_red_sandstone":2,"minecraft:stone_sword":1,"minecraft:rotten_flesh":1,"minecraft:beetroot_seeds":4,"ars_nouveau:worn_notebook":1,"minecraft:stripped_dark_oak_log":14,"minecraft:coal":28,"minecraft:cobblestone":62,"minecraft:ender_pearl":1},"minecraft:used":{"minecraft:iron_ore":1,"minecraft:stone_sword":81,"minecraft:stone_pickaxe":109,"minecraft:chest":3,"minecraft:wooden_pickaxe":4,"minecraft:stone":17,"minecraft:cookie":6,"minecraft:white_wool":2,"minecraft:crafting_table":4,"minecraft:carrot":37,"byg:meadow_dirt":1,"minecraft:wooden_axe":6,"minecraft:dark_oak_planks":1,"minecraft:dark_oak_log":1,"minecraft:bread":8,"tombstone:grave_key":13,"minecraft:stone_axe":128,"minecraft:cobblestone":3,"tombstone:gift":4,"minecraft:potato":37}},"DataVersion":2586}