{"stats":{"minecraft:broken":{"minecraft:iron_sword":1,"minecraft:shield":1,"minecraft:iron_axe":4,"minecraft:iron_pickaxe":1,"minecraft:iron_shovel":1,"minecraft:stone_pickaxe":1,"minecraft:stone_axe":1},"minecraft:custom":{"minecraft:interact_with_crafting_table":123,"minecraft:open_barrel":38,"goblintraders:trade_with_goblin":40,"minecraft:bell_ring":3,"minecraft:leave_game":15,"minecraft:time_since_death":978291,"minecraft:damage_blocked_by_shield":7950,"minecraft:play_time":1940244,"minecraft:deaths":10,"minecraft:jump":12400,"minecraft:interact_with_furnace":239,"minecraft:traded_with_villager":361,"minecraft:sleep_in_bed":72,"minecraft:damage_dealt":77770,"minecraft:interact_with_smoker":71,"minecraft:interact_with_smithing_table":3,"minecraft:interact_with_anvil":22,"minecraft:inspect_hopper":2,"minecraft:sneak_time":125549,"minecraft:interact_with_blast_furnace":22,"minecraft:total_world_time":1940244,"minecraft:interact_with_stonecutter":4,"minecraft:time_since_rest":28514,"minecraft:swim_one_cm":13277,"minecraft:fly_one_cm":2053978,"minecraft:open_chest":916,"minecraft:fall_one_cm":283646,"minecraft:sprint_one_cm":1494773,"minecraft:drop":508,"minecraft:talked_to_villager":1078,"minecraft:interact_with_brewingstand":8,"minecraft:walk_on_water_one_cm":58570,"minecraft:crouch_one_cm":390474,"minecraft:mob_kills":844,"minecraft:climb_one_cm":112063,"minecraft:walk_one_cm":4305388,"minecraft:raid_win":1,"minecraft:walk_under_water_one_cm":84315,"minecraft:boat_one_cm":267247,"minecraft:raid_trigger":1,"minecraft:pot_flower":7,"minecraft:interact_with_grindstone":3,"minecraft:damage_taken":12863,"minecraft:damage_absorbed":120},"minecraft:used":{"chipped:small_green_lantern":1,"chipped:pointless_dark_oak_trapdoor":1,"minecraft:spruce_slab":120,"minecraft:polished_blackstone":60,"minecraft:poppy":3,"minecraft:chest":119,"minecraft:stone":322,"toms_storage:ts.paint_kit":77,"chipped:cornered_blue_carpet":6,"minecraft:rotten_flesh":7,"minecraft:soul_sand":2,"minecraft:skeleton_spawn_egg":4,"toms_storage:ts.inventory_cable":5,"backpacked:spruce_backpack_shelf":7,"chipped:soft_blue_carpet":10,"minecraft:snowball":2,"minecraft:stripped_spruce_log":25,"minecraft:spruce_boat":1,"minecraft:villager_spawn_egg":27,"friendsandfoes:totem_of_illusion":2,"minecraft:grass_block":1672,"minecraft:stone_brick_stairs":81,"friendsandfoes:totem_of_freezing":1,"minecraft:bow":2,"minecraft:sweet_berries":3,"minecraft:furnace":17,"minecraft:oak_sapling":7,"culturaldelights:avocado":1,"handcrafted:spruce_counter":15,"minecraft:mossy_stone_bricks":30,"minecraft:diorite":3,"minecraft:damaged_anvil":2,"minecraft:spruce_door":19,"toms_storage:ts.inventory_connector":8,"minecraft:wooden_pickaxe":8,"winterly:cryomarble_sword":730,"minecraft:oak_leaves":15,"minecraft:golden_apple":3,"minecraft:glow_berries":8,"minecraft:dark_oak_trapdoor":34,"another_furniture:spruce_shutter":12,"supplementaries:candle_holder":1,"minecraft:blast_furnace":14,"chipped:tall_lantern":2,"chipped:calcite_bricks":911,"minecraft:lightning_rod":1,"minecraft:deepslate_tiles":395,"handcrafted:spruce_cupboard":1,"minecraft:lectern":727,"minecraft:spore_blossom":6,"charm:chiseled_spruce_bookshelf":8,"chipped:windowed_dark_oak_trapdoor":2,"minecraft:flowering_azalea_leaves":23,"minecraft:smithing_table":3,"farmersdelight:spruce_cabinet":5,"minecraft:oak_boat":9,"minecraft:oak_trapdoor":39,"culturaldelights:avocado_toast":10,"betterend:umbralith_flower_pot":2,"minecraft:iron_bars":3,"minecraft:enchanting_table":1,"minecraft:stone_sword":118,"chipped:iron_bowl_lantern":1,"chipped:secret_spruce_door":1,"minecraft:netherrack":6,"minecraft:torch":208,"minecraft:brewing_stand":2,"minecraft:anvil":4,"toms_storage:ts.crafting_terminal":2,"minecraft:stone_stairs":74,"charm:spruce_barrel":34,"minecraft:polished_diorite":51,"minecraft:shroomlight":46,"minecraft:mossy_cobblestone_stairs":5,"minecraft:iron_axe":1309,"minecraft:spruce_button":19,"minecraft:spawner":7,"chipped:donut_lantern":1,"minecraft:barrel":12,"minecraft:glowstone":3,"farmersdelight:cooking_pot":1,"comforts:sleeping_bag_white":71,"minecraft:cobbled_deepslate":137,"minecraft:calcite":14,"farmersdelight:iron_knife":1,"minecraft:water_bucket":15,"minecraft:bundle":3,"minecraft:fletching_table":8,"minecraft:spruce_fence_gate":51,"minecraft:deepslate_bricks":165,"minecraft:cracked_stone_bricks":28,"minecraft:mossy_cobblestone":73,"expandeddelight:sweet_potato":1,"minecraft:oak_slab":12,"minecraft:crafting_table":21,"betternether:spruce_taburet":1,"minecraft:campfire":9,"minecraft:spruce_log":1,"justhammers:iron_hammer":878,"minecraft:deepslate_tile_wall":1,"chipped:mixed_cubed_oak_bookshelf":5,"minecraft:oak_log":938,"minecraft:cornflower":1,"chipped:botanist_workbench":3,"minecraft:oxeye_daisy":3,"minecraft:diamond_shovel":781,"decorative_blocks:chain":1,"handcrafted:dark_oak_fancy_bed":2,"minecraft:iron_pickaxe":1296,"another_furniture:spruce_flower_box":4,"minecraft:spruce_trapdoor":663,"chipped:wide_lantern":1,"minecraft:spruce_sapling":6,"suppsquared:gold_candle_holder_lime":7,"minecraft:chiseled_stone_bricks":2,"minecraft:cobblestone":491,"minecraft:azalea_leaves":4,"minecraft:cooked_porkchop":32,"minecraft:andesite_stairs":38,"minecraft:glass_pane":44,"minecraft:kelp":56,"minecraft:polished_deepslate":131,"minecraft:iron_shovel":510,"minecraft:oak_sign":3,"minecraft:polished_basalt":76,"minecraft:shield":162,"farmersdelight:stove":2,"minecraft:iron_sword":256,"minecraft:grass":39,"minecraft:iron_chestplate":2,"toms_storage:ts.inventory_hopper_basic":1,"handcrafted:spruce_chair":8,"minecraft:carrot":4,"minecraft:deepslate_tile_slab":188,"suppsquared:gold_candle_holder":1,"minecraft:glass":12,"chipped:botanical_oak_cubed_bookshelf":2,"minecraft:lantern":112,"chipped:heavy_dark_oak_trapdoor":2,"minecraft:iron_helmet":1,"minecraft:mossy_cobblestone_slab":10,"minecraft:stone_bricks":1192,"minecraft:item_frame":25,"chipped:leafy_dark_oak_trapdoor":61,"farmersdelight:cutting_board":1,"minecraft:hay_block":8,"minecraft:scaffolding":455,"winterly:cryomarble_pickaxe":505,"minecraft:dark_oak_stairs":14,"toms_storage:ts.inventory_cable_connector_framed":9,"charm:spruce_bookshelf":13,"toms_storage:ts.inventory_cable_connector_filtered":24,"suppsquared:copper_lantern":1,"minecraft:stone_pickaxe":133,"minecraft:oak_planks":7,"tradingpost:trading_post":2,"chipped:magenta_flower_spruce_leaves":3,"minecraft:diamond_axe":1838,"minecraft:crossbow":16,"minecraft:stone_brick_wall":40,"minecraft:shears":147,"chipped:windmill_blue_carpet":49,"minecraft:dark_oak_log":204,"minecraft:melon_slice":92,"minecraft:bread":27,"minecraft:string":1,"another_furniture:white_lamp":3,"minecraft:deepslate":135,"minecraft:blue_candle":3,"chipped:burning_coal_lantern":1,"promenade:blunite":2,"handcrafted:oak_fancy_bed":1,"minecraft:grindstone":9,"minecraft:cooked_rabbit":1,"minecraft:chain":8,"promenade:flowering_azalea_leaf_pile":5,"toms_storage:ts.inventory_cable_framed":71,"minecraft:mossy_cobblestone_wall":2,"minecraft:coarse_dirt":25,"minecraft:bone_meal":123,"minecraft:experience_bottle":414,"minecraft:oak_fence":2,"handcrafted:spruce_drawer":3,"minecraft:flint_and_steel":15,"minecraft:stone_shovel":12,"minecraft:spruce_planks":1250,"minecraft:iron_ingot":1,"minecraft:dirt":1028,"minecraft:white_carpet":1,"chipped:leafy_spruce_trapdoor":38,"minecraft:hopper":4,"minecraft:spruce_stairs":448,"minecraft:cobblestone_wall":44,"charm:spruce_chest":12,"villagersplus:spruce_horticulturist_table":1,"minecraft:spruce_fence":84,"minecraft:granite":8,"handcrafted:spruce_table":6,"minecraft:stone_brick_slab":82,"minecraft:dark_oak_planks":207,"toms_storage:ts.inventory_cable_connector":2,"minecraft:bookshelf":26,"another_furniture:spruce_shelf":10,"minecraft:iron_boots":1,"minecraft:black_stained_glass":26,"charm:oak_chest":5,"minecraft:deepslate_tile_stairs":1360,"minecraft:cooked_beef":42,"betterend:flavolite_flower_pot":1,"hearth_and_home:spruce_lattice":10,"suppsquared:item_shelf_spruce":21,"minecraft:cooked_mutton":34,"minecraft:cobblestone_stairs":69,"farmersdelight:skillet":1,"minecraft:polished_andesite":21,"chipped:windowed_spruce_door":1,"the_bumblezone:super_candle_red":1,"minecraft:stonecutter":1,"minecraft:cobblestone_slab":18,"minecraft:glow_item_frame":7,"minecraft:stripped_dark_oak_log":187,"minecraft:painting":22,"bosses_of_mass_destruction:soul_star":10,"minecraft:infested_stone_bricks":35,"minecraft:book":40,"minecraft:smoker":14,"minecraft:flower_pot":10,"farmersdelight:hot_cocoa":1,"minecraft:apple":2,"edenring:guide_book":1,"betterend:iron_hammer":3,"sawmill:sawmill":1,"minecraft:map":1,"minecraft:stone_axe":117,"twigs:twig":1,"handcrafted:spruce_couch":9,"chipped:checkered_iron_lantern":1,"minecraft:white_banner":1,"betterend:sulphuric_rock_flower_pot":2,"another_furniture:spruce_table":12,"minecraft:smooth_stone":9},"minecraft:dropped":{"minecraft:iron_sword":2,"minecraft:glass_bottle":6,"minecraft:spore_blossom":1,"minecraft:crafting_table":5,"minecraft:cooked_porkchop":1,"minecraft:crossbow":4,"minecraft:glow_item_frame":1,"minecraft:mossy_stone_brick_stairs":3,"minecraft:cracked_stone_bricks":1,"minecraft:red_carpet":4,"minecraft:emerald":1980,"twigs:pebble":3,"minecraft:dirt":209,"minecraft:grass":7,"chipped:cubed_blue_carpet":42,"minecraft:birch_fence":1,"betterend:iron_hammer":1,"minecraft:dark_oak_fence":3,"minecraft:gold_nugget":36,"minecraft:sand":1,"minecraft:iron_pickaxe":8,"minecraft:dark_oak_planks":13,"minecraft:white_wool":24,"minecraft:birch_stairs":3,"minecraft:cyan_carpet":1,"spawnersplus:spawner_fragment":2,"minecraft:bone":54,"minecraft:stone_axe":1,"minecraft:iron_nugget":16,"minecraft:cobbled_deepslate":10,"minecraft:birch_sapling":64,"minecraft:wheat":11,"minecraft:stripped_dark_oak_log":4,"minecraft:rotten_flesh":32,"minecraft:oak_planks":6,"justhammers:iron_hammer":2,"minecraft:rabbit_foot":1,"supplementaries:flax_seeds":3,"mythic_charms:deepslate_fragment":11,"minecraft:azalea_leaves":1,"minecraft:charcoal":4,"minecraft:hopper":1,"minecraft:acacia_sapling":2,"minecraft:flowering_azalea_leaves":1,"minecraft:lectern":1,"minecraft:iron_ingot":5,"minecraft:wheat_seeds":84,"minecraft:oak_fence":1,"minecraft:cobblestone":169,"minecraft:book":3,"minecraft:granite":3,"minecraft:spruce_button":1,"minecraft:chainmail_helmet":13,"minecraft:coal":4,"minecraft:dried_kelp_block":3,"chipped:leafy_dark_oak_trapdoor":1,"minecraft:potion":3,"minecraft:stripped_birch_log":1,"minecraft:white_banner":3,"minecraft:mossy_cobblestone_stairs":1,"minecraft:smooth_stone":55,"minecraft:chainmail_leggings":1,"minecraft:iron_shovel":1,"minecraft:paper":1027,"minecraft:string":11,"minecraft:lily_pad":5,"twigs:opaline_seashell":1,"minecraft:spruce_sapling":93,"minecraft:stone_brick_slab":1,"twigs:rhyolite":18,"minecraft:stone_sword":1,"minecraft:deepslate":1,"minecraft:stone_shovel":4,"minecraft:white_carpet":1,"minecraft:oak_sign":1,"minecraft:spruce_fence":61,"supplementaries:quiver":1,"minecraft:stone":1,"minecraft:spruce_trapdoor":3,"minecraft:bundle":1,"minecraft:andesite_stairs":1,"minecraft:spider_eye":2,"minecraft:barrel":4,"minecraft:stone_pressure_plate":4,"minecraft:stone_bricks":10,"minecraft:bow":4,"minecraft:bell":4,"betterend:end_fish_raw":2,"minecraft:soul_sand":1,"minecraft:dark_oak_stairs":1,"minecraft:diamond_axe":7,"minecraft:oak_log":504,"minecraft:dark_oak_sapling":1,"minecraft:leather":1,"minecraft:mossy_cobblestone_wall":1,"minecraft:birch_slab":1,"promenade:flowering_azalea_leaf_pile":1,"minecraft:cod":6,"snowyspirit:ginger_flower":1,"minecraft:flint":3,"handcrafted:spruce_couch":24,"minecraft:mangrove_wood":2,"minecraft:cornflower":1,"minecraft:mutton":10,"minecraft:snowball":2,"friendsandfoes:oxidized_copper_button":1,"minecraft:birch_log":6,"twigs:twig":101,"minecraft:diamond_shovel":1,"minecraft:stone_stairs":1,"minecraft:carrot":2,"minecraft:chainmail_chestplate":1,"minecraft:poppy":3,"minecraft:gunpowder":13,"promenade:blunite":7,"minecraft:melon_seeds":3,"minecraft:birch_door":1,"minecraft:chest":1,"minecraft:chainmail_boots":9,"minecraft:iron_ore":10,"minecraft:iron_bars":3,"minecraft:arrow":7,"minecraft:spawner":1,"minecraft:water_bucket":2,"minecraft:vine":2,"illagerinvasion:platinum_infused_hatchet":1,"minecraft:diamond_leggings":1,"minecraft:tropical_fish":2,"minecraft:spruce_stairs":1,"minecraft:acacia_log":1,"minecraft:grass_block":5,"minecraft:stick":9,"minecraft:spruce_fence_gate":24,"minecraft:diorite":8,"minecraft:brewing_stand":1,"minecraft:torch":4,"mythic_charms:experience_nugget":39,"minecraft:melon_slice":4,"minecraft:iron_door":1,"minecraft:iron_leggings":7,"minecraft:stonecutter":1,"minecraft:iron_axe":2,"minecraft:polished_basalt":3,"hybrid-aquatic:ghost_crab_claw":2,"minecraft:dandelion":1,"minecraft:redstone":13,"minecraft:anvil":1,"minecraft:kelp":51,"minecraft:raw_copper":26,"minecraft:tuff":28,"minecraft:raw_iron":2,"minecraft:light_gray_wool":1,"minecraft:yellow_candle":2,"minecraft:skeleton_spawn_egg":1,"minecraft:glass_pane":5,"minecraft:flint_and_steel":1,"minecraft:filled_map":2,"minecraft:snow":1,"minecraft:shield":2,"culturaldelights:avocado":2,"minecraft:iron_chestplate":2,"minecraft:andesite":26,"minecraft:mossy_stone_bricks":2,"minecraft:golden_leggings":1,"minecraft:oak_sapling":3,"minecraft:slime_ball":2,"minecraft:diamond_boots":1,"minecraft:spruce_log":64,"minecraft:stripped_crimson_hyphae":2,"minecraft:stone_pickaxe":18,"minecraft:wooden_pickaxe":2},"minecraft:picked_up":{"minecraft:birch_door":1,"minecraft:iron_chestplate":1,"minecraft:chainmail_boots":1,"minecraft:flower_pot":3,"mythic_charms:deepslate_fragment":672,"minecraft:lead":4,"minecraft:enchanted_book":2,"spawnersplus:spawner_fragment":6,"minecraft:brewing_stand":3,"supplementaries:candle_holder":1,"suppsquared:gold_candle_holder":1,"minecraft:polished_deepslate":55,"minecraft:string":24,"hybrid-aquatic:ghost_crab_claw":2,"minecraft:beetroot":1,"illagerinvasion:platinum_infused_hatchet":2,"minecraft:cobbled_deepslate":3489,"minecraft:gold_nugget":37,"bosses_of_mass_destruction:soul_star":9,"minecraft:spruce_planks":31,"minecraft:coal_block":4,"minecraft:melon_slice":66,"charm:oak_chest":1,"minecraft:acacia_log":1,"minecraft:deepslate_tile_stairs":206,"minecraft:golden_chestplate":1,"minecraft:rabbit_foot":1,"culturaldelights:avocado":16,"minecraft:tropical_fish":2,"minecraft:polished_basalt":1,"supplementaries:quiver":2,"minecraft:iron_bars":9,"minecraft:snowball":3,"minecraft:birch_log":6,"minecraft:cooked_beef":67,"minecraft:iron_door":1,"minecraft:birch_slab":1,"minecraft:water_bucket":2,"minecraft:smoker":6,"minecraft:flint":5,"chipped:checkered_iron_lantern":1,"hearth_and_home:spruce_lattice":10,"minecraft:lantern":1,"minecraft:stonecutter":1,"snowyspirit:ginger_flower":1,"betterend:iron_hammer":1,"another_furniture:spruce_table":9,"winterly:cryomarble_shard":15,"minecraft:dark_oak_log":1465,"minecraft:barrel":5,"betterend:sulphuric_rock_flower_pot":2,"minecraft:bundle":2,"chipped:burning_coal_lantern":1,"minecraft:polished_andesite":109,"minecraft:deepslate":1,"chipped:tall_lantern":2,"minecraft:granite":35,"minecraft:chainmail_helmet":1,"minecraft:spruce_button":4,"minecraft:bread":11,"twigs:rhyolite":41,"minecraft:dark_oak_fence":7,"minecraft:crafting_table":18,"minecraft:coarse_dirt":5,"friendsandfoes:totem_of_illusion":2,"minecraft:yellow_candle":2,"minecraft:cornflower":5,"twigs:opaline_seashell":1,"minecraft:glass_pane":5,"minecraft:cracked_stone_bricks":30,"minecraft:beef":25,"another_furniture:spruce_shelf":1,"sawmill:sawmill":1,"minecraft:poppy":6,"minecraft:iron_nugget":16,"minecraft:spruce_slab":149,"minecraft:chest":10,"minecraft:birch_sapling":64,"minecraft:black_stained_glass":20,"minecraft:stone":137,"minecraft:glow_item_frame":5,"minecraft:spruce_fence":129,"minecraft:carrot":18,"minecraft:redstone":17,"charm:spruce_chest":1,"minecraft:hay_block":96,"minecraft:totem_of_undying":1,"minecraft:polished_blackstone":7,"minecraft:mutton":44,"minecraft:glow_berries":4,"minecraft:white_wool":30,"minecraft:oxeye_daisy":7,"minecraft:stripped_oak_log":1,"minecraft:filled_map":1,"minecraft:oak_log":1032,"minecraft:lily_pad":5,"suppsquared:item_shelf_spruce":13,"expandeddelight:sweet_potato":1,"minecraft:paper":1031,"minecraft:white_banner":5,"minecraft:apple":9,"minecraft:stone_bricks":434,"minecraft:kelp":50,"the_bumblezone:super_candle_red":1,"minecraft:iron_ore":20,"chipped:wide_lantern":1,"minecraft:glass_bottle":14,"minecraft:iron_sword":1,"winterly:cryomarble_sword":1,"chipped:donut_lantern":1,"minecraft:gravel":27,"minecraft:birch_stairs":15,"minecraft:spruce_sapling":427,"minecraft:spruce_log":1699,"minecraft:leather_helmet":1,"minecraft:slime_ball":60,"minecraft:stone_axe":1,"minecraft:diamond_axe":3,"minecraft:painting":7,"minecraft:melon_seeds":3,"minecraft:stripped_dark_oak_log":3,"minecraft:ender_pearl":7,"minecraft:wheat":12,"minecraft:sentry_armor_trim_smithing_template":2,"minecraft:potion":4,"minecraft:stone_brick_stairs":32,"minecraft:raw_copper":26,"minecraft:deepslate_tiles":23,"comforts:sleeping_bag_white":71,"twigs:pebble":19,"villagersplus:spruce_horticulturist_table":1,"minecraft:redstone_torch":4,"minecraft:calcite":14,"minecraft:iron_pickaxe":2,"minecraft:furnace":12,"minecraft:stick":44,"minecraft:torch":42,"minecraft:spruce_stairs":83,"betterend:end_fish_raw":2,"minecraft:porkchop":41,"minecraft:diorite":2028,"minecraft:vine":34,"minecraft:rotten_flesh":61,"supplementaries:antique_ink":5,"minecraft:deepslate_brick_stairs":168,"adventurez:orc_skin":3,"minecraft:cod":6,"minecraft:cobblestone":2224,"minecraft:andesite":112,"minecraft:golden_leggings":1,"minecraft:potato":2,"minecraft:tuff":101,"supplementaries:flax_seeds":3,"minecraft:stripped_birch_log":1,"minecraft:lapis_lazuli":116,"minecraft:dirt":630,"handcrafted:spruce_chair":8,"minecraft:leather_boots":1,"minecraft:glass":76,"minecraft:bone":178,"minecraft:bow":11,"minecraft:wheat_seeds":124,"minecraft:raw_gold":131,"minecraft:grindstone":1,"suppsquared:gold_candle_holder_lime":3,"minecraft:mossy_stone_bricks":32,"twigs:twig":194,"minecraft:mossy_stone_brick_stairs":3,"minecraft:oak_planks":18,"friendsandfoes:totem_of_freezing":2,"chipped:calcite_bricks":62,"minecraft:cooked_porkchop":1,"justhammers:iron_hammer":1,"minecraft:sand":133,"minecraft:mossy_cobblestone":1,"minecraft:spruce_fence_gate":30,"minecraft:mangrove_wood":2,"minecraft:diamond":34,"minecraft:spruce_boat":1,"minecraft:crossbow":5,"minecraft:grass":49,"minecraft:emerald":1996,"minecraft:oak_sapling":10,"minecraft:oak_leaves":61,"minecraft:charcoal":4,"minecraft:rabbit_stew":1,"minecraft:wooden_pickaxe":1,"minecraft:gold_block":4,"suppsquared:copper_lantern":1,"promenade:blunite":9,"minecraft:shield":2,"minecraft:oak_trapdoor":104,"minecraft:stone_stairs":4,"minecraft:iron_axe":6,"minecraft:item_frame":1,"minecraft:birch_fence":1,"minecraft:cyan_carpet":1,"minecraft:blue_orchid":1,"minecraft:oak_boat":8,"chipped:cubed_blue_carpet":42,"minecraft:light_gray_wool":1,"minecraft:lectern":1,"minecraft:sugar_cane":66,"chipped:iron_bowl_lantern":1,"minecraft:spruce_trapdoor":44,"minecraft:dark_oak_sapling":32,"minecraft:stripped_crimson_hyphae":2,"minecraft:raw_iron":483,"betterend:umbralith_flower_pot":2,"another_furniture:spruce_flower_box":5,"betterend:flavolite_flower_pot":1,"friendsandfoes:oxidized_copper_button":1,"minecraft:stone_pressure_plate":4,"minecraft:dark_oak_planks":81,"minecraft:arrow":253,"mythic_charms:experience_nugget":493,"minecraft:saddle":1,"chipped:magenta_flower_spruce_leaves":3,"chipped:small_green_lantern":1,"minecraft:skeleton_skull":1,"minecraft:leather":28,"minecraft:birch_planks":6,"minecraft:chainmail_chestplate":1,"minecraft:gunpowder":17,"minecraft:deepslate_tile_slab":29,"minecraft:cooked_mutton":2,"minecraft:red_carpet":4,"handcrafted:spruce_table":5,"minecraft:iron_ingot":1,"minecraft:acacia_sapling":2,"minecraft:book":48,"minecraft:scaffolding":449,"handcrafted:oak_fancy_bed":1,"minecraft:chiseled_stone_bricks":2,"minecraft:stone_brick_slab":195,"minecraft:dandelion":3,"handcrafted:spruce_couch":24,"minecraft:blast_furnace":10,"minecraft:spruce_door":2,"minecraft:spider_eye":3,"minecraft:dried_kelp_block":3,"minecraft:chainmail_leggings":1,"minecraft:damaged_anvil":2,"farmersdelight:stove":1,"minecraft:coal":483},"minecraft:mined":{"minecraft:dark_oak_planks":15,"winterly:raw_cryomarble_shard":15,"culturaldelights:avocado_bundle":5,"promenade:flowering_azalea_leaf_pile":1,"minecraft:granite":17,"minecraft:acacia_log":11,"minecraft:coal_block":4,"minecraft:deepslate_tile_stairs":149,"betterend:umbralith_flower_pot":2,"minecraft:oxeye_daisy":6,"chipped:wide_lantern":1,"friendsandfoes:oxidized_copper_button":1,"minecraft:chiseled_stone_bricks":2,"minecraft:spawner":3,"the_bumblezone:super_candle_base_red":1,"minecraft:cobbled_deepslate":10,"minecraft:barrel":2,"minecraft:deepslate_lapis_ore":9,"universal_ores:andesite_gold_ore":2,"minecraft:potted_dandelion":1,"amendments:wall_lantern":6,"minecraft:white_banner":1,"universal_ores:diorite_iron_ore":17,"chipped:tall_lantern":2,"minecraft:smoker":6,"minecraft:deepslate_tile_slab":31,"suppsquared:item_shelf_spruce":12,"minecraft:torch":10,"minecraft:blast_furnace":10,"minecraft:melon":13,"minecraft:sugar_cane":27,"minecraft:damaged_anvil":2,"minecraft:repeater":1,"minecraft:wheat":2,"universal_ores:diorite_coal_ore":1,"minecraft:stone_brick_stairs":33,"minecraft:grass":687,"minecraft:stonecutter":1,"another_furniture:spruce_shelf":1,"minecraft:deepslate":92,"minecraft:deepslate_tiles":28,"minecraft:mossy_cobblestone":1,"farmersdelight:wild_carrots":14,"minecraft:stripped_birch_log":1,"minecraft:dark_oak_log":820,"minecraft:dark_oak_fence":10,"minecraft:redstone_wire":2,"snowyspirit:wild_ginger":2,"minecraft:snow":1,"minecraft:andesite":26,"twigs:bronzed_seashell":1,"handcrafted:spruce_chair":8,"minecraft:mossy_stone_brick_stairs":3,"minecraft:vine":37,"fastpaintings:painting":7,"twigs:opaline_seashell":1,"minecraft:birch_stairs":13,"twigs:pebble":2,"chipped:donut_lantern":1,"minecraft:stone_brick_slab":12,"minecraft:dandelion":2,"minecraft:cornflower":5,"minecraft:mangrove_wood":2,"handcrafted:oak_fancy_bed":1,"another_furniture:spruce_table":9,"betterend:flavolite_flower_pot":1,"minecraft:dried_kelp_block":3,"minecraft:tall_grass":70,"minecraft:copper_ore":1,"minecraft:deepslate_gold_ore":85,"chipped:magenta_flower_spruce_leaves":3,"minecraft:diorite":49,"minecraft:coarse_dirt":5,"hearth_and_home:spruce_lattice":10,"minecraft:spruce_log":1691,"minecraft:birch_leaves":1,"minecraft:gravel":32,"minecraft:cobweb":1,"minecraft:spruce_fence_gate":6,"minecraft:polished_blackstone":7,"minecraft:stone_bricks":441,"minecraft:gold_ore":6,"minecraft:fern":6,"spawn:anthill":2,"minecraft:spruce_planks":39,"supplementaries:candle_holder":1,"minecraft:potted_blue_orchid":1,"minecraft:brewing_stand":2,"minecraft:spruce_trapdoor":43,"minecraft:stripped_crimson_hyphae":1,"minecraft:grass_block":707,"minecraft:iron_ore":82,"diagonalfences:minecraft/spruce_fence":8,"minecraft:iron_bars":9,"minecraft:spruce_slab":14,"villagersplus:spruce_horticulturist_table":1,"another_furniture:spruce_flower_box":4,"universal_ores:granite_iron_ore":1,"promenade:blush_sakura_blossoms":1,"minecraft:calcite":14,"minecraft:poppy":1,"minecraft:chest":10,"chipped:calcite_bricks":63,"minecraft:cobblestone":11,"minecraft:grindstone":1,"minecraft:oak_planks":3,"minecraft:iron_door":1,"minecraft:wall_torch":7,"minecraft:birch_log":6,"suppsquared:gold_candle_holder":1,"minecraft:oak_log":135,"minecraft:sand":133,"minecraft:dirt":221,"handcrafted:spruce_table":5,"minecraft:oak_leaves":81,"minecraft:deepslate_diamond_ore":19,"universal_ores:andesite_iron_ore":4,"betterend:sulphuric_rock_flower_pot":2,"universal_ores:calcite_coal_ore":2,"sawmill:sawmill":1,"minecraft:soul_campfire":1,"minecraft:spruce_leaves":6,"minecraft:hay_block":97,"minecraft:spruce_sapling":2,"minecraft:furnace":12,"minecraft:gold_block":4,"minecraft:polished_deepslate":4,"minecraft:bookshelf":15,"minecraft:deepslate_iron_ore":91,"minecraft:stripped_oak_log":1,"minecraft:stone":367,"minecraft:podzol":1,"minecraft:scaffolding":232,"promenade:blunite":3,"minecraft:infested_stone_bricks":9,"minecraft:spruce_door":2,"charm:oak_chest":1,"minecraft:crafting_table":15,"charm:spruce_chest":1,"minecraft:lectern":1,"minecraft:lapis_ore":1,"spawn:ant_mound":9,"supplementaries:urn":18,"minecraft:spruce_stairs":40,"minecraft:birch_planks":6,"minecraft:coal_ore":160,"minecraft:flower_pot":1,"farmersdelight:stove":1,"minecraft:cracked_stone_bricks":31,"minecraft:mossy_stone_bricks":32},"minecraft:crafted":{"minecraft:chainmail_helmet":12,"minecraft:diamond_shovel":1,"minecraft:bookshelf":52,"minecraft:cooked_mutton":32,"minecraft:deepslate_brick_stairs":168,"minecraft:glass":56,"minecraft:diamond_helmet":1,"minecraft:diamond_leggings":4,"minecraft:glass_bottle":30,"minecraft:emerald":701,"minecraft:cooked_porkchop":32,"minecraft:diamond_axe":7,"minecraft:spruce_door":12,"minecraft:mossy_cobblestone":32,"minecraft:campfire":9,"minecraft:stone_brick_stairs":64,"minecraft:iron_pickaxe":7,"minecraft:gold_ingot":66,"minecraft:spruce_fence_gate":40,"minecraft:stone_shovel":17,"minecraft:iron_nugget":63,"minecraft:experience_bottle":30,"comforts:sleeping_bag_white":2,"minecraft:cobbled_deepslate":141,"minecraft:bone_meal":108,"charm:oak_chest":6,"minecraft:spruce_fence":183,"minecraft:stone_stairs":4,"minecraft:lantern":7,"minecraft:spruce_stairs":208,"minecraft:polished_diorite":256,"minecraft:spruce_slab":186,"minecraft:stone_pickaxe":23,"minecraft:diamond_boots":2,"minecraft:deepslate_tile_wall":6,"minecraft:spruce_boat":1,"minecraft:dark_oak_planks":268,"minecraft:deepslate_tiles":2560,"charm:spruce_chest":5,"minecraft:enchanted_book":23,"minecraft:golden_apple":8,"minecraft:chainmail_boots":12,"minecraft:iron_shovel":2,"minecraft:iron_leggings":14,"minecraft:deepslate_tile_stairs":1280,"minecraft:oak_planks":128,"inmis:baby_backpack":1,"minecraft:stone":931,"minecraft:stone_brick_slab":66,"culturaldelights:avocado_toast":16,"minecraft:bow":3,"minecraft:iron_boots":2,"winterly:cryomarble":2,"winterly:cryomarble_pickaxe":1,"minecraft:chest":2,"minecraft:stone_bricks":788,"minecraft:smoker":2,"minecraft:crafting_table":2,"minecraft:spruce_planks":4232,"minecraft:wooden_pickaxe":1,"minecraft:iron_helmet":1,"minecraft:spruce_trapdoor":354,"minecraft:iron_chestplate":1,"inmis:plated_backpack":1,"minecraft:shield":3,"minecraft:stick":1202,"minecraft:iron_ingot":123,"minecraft:stone_sword":1,"inmis:frayed_backpack":1,"minecraft:deepslate_bricks":2816,"minecraft:shears":2,"minecraft:deepslate_tile_slab":320,"minecraft:coal":41,"minecraft:stone_brick_wall":36,"minecraft:spruce_button":74,"inmis:gilded_backpack":1,"minecraft:furnace":7,"minecraft:glass_pane":48,"minecraft:polished_deepslate":3356,"minecraft:iron_axe":5,"minecraft:cooked_beef":22,"minecraft:iron_sword":2,"minecraft:bell":5,"winterly:cryomarble_sword":1,"minecraft:stone_axe":1,"minecraft:air":0,"minecraft:oak_boat":1,"justhammers:iron_hammer":7,"betterend:iron_hammer":1,"minecraft:torch":104,"minecraft:diamond_chestplate":1},"minecraft:killed":{"illagerinvasion:archivist":1,"naturalist:boar":15,"illagerinvasion:basher":5,"minecraft:skeleton":499,"spawn:ant":1,"illagerinvasion:necromancer":2,"hybrid-aquatic:sea_nettle":1,"minecraft:pillager":59,"minecraft:zombie":59,"minecraft:cow":11,"minecraft:evoker":1,"minecraft:vindicator":34,"illagerinvasion:marauder":10,"adventurez:orc":3,"naturalist:vulture":1,"naturalist:bear":1,"minecraft:ravager":1,"minecraft:enderman":5,"minecraft:witch":5,"minecraft:spider":20,"naturalist:snail":1,"illagerinvasion:provoker":2,"minecraft:silverfish":17,"minecraft:illusioner":2,"illagerinvasion:inquisitor":1,"minecraft:pig":6,"minecraft:zombie_villager":1,"illagerinvasion:alchemist":3,"minecraft:creeper":7,"minecraft:sheep":26,"illagerinvasion:sorcerer":1,"friendsandfoes:iceologer":2,"hybrid-aquatic:ghost_crab":1,"friendsandfoes:moobloom":3,"minecraft:villager":19},"minecraft:killed_by":{"minecraft:ravager":1,"minecraft:zombie":1,"minecraft:creeper":2,"adventurez:orc":1}},"DataVersion":3465}