{"stats":{"minecraft:used":{"minecraft:stone_sword":130,"minecraft:iron_shovel":15,"byg:cattail":1,"minecraft:chest":1,"minecraft:iron_sword":290,"minecraft:stone_hoe":27,"minecraft:cooked_chicken":1,"minecraft:torch":23,"minecraft:dirt":7,"minecraft:iron_axe":17,"minecraft:birch_sapling":1,"carryon:tile_item":1,"minecraft:golden_carrot":1,"minecraft:bow":10,"minecraft:furnace":11,"tombstone:gift":6,"minecraft:cooked_beef":2,"minecraft:cooked_mutton":7,"minecraft:stone_pickaxe":233,"minecraft:oak_planks":1,"minecraft:baked_potato":1,"minecraft:wooden_pickaxe":6,"minecraft:salmon":1,"minecraft:golden_apple":1,"minecraft:crafting_table":7,"minecraft:white_bed":5,"minecraft:oak_log":1,"minecraft:black_wool":2,"minecraft:bread":42,"minecraft:iron_pickaxe":8,"minecraft:stone_axe":33,"travelersbackpack:standard":2,"minecraft:cobblestone":50,"minecraft:andesite":4,"minecraft:cooked_rabbit":1,"minecraft:birch_log":4,"alexsmobs:animal_dictionary":2},"minecraft:killed_by":{"iceandfire:gorgon":3,"minecraft:skeleton":3,"minecraft:zombie":1},"minecraft:custom":{"minecraft:mob_kills":85,"minecraft:interact_with_crafting_table":30,"minecraft:open_barrel":17,"minecraft:leave_game":4,"minecraft:time_since_death":12742,"minecraft:climb_one_cm":7048,"minecraft:sprint_one_cm":184595,"minecraft:walk_one_cm":241376,"minecraft:damage_blocked_by_shield":110,"minecraft:drop":23,"minecraft:deaths":8,"minecraft:sneak_time":4009,"minecraft:walk_under_water_one_cm":6038,"minecraft:jump":1877,"minecraft:walk_on_water_one_cm":4863,"minecraft:interact_with_furnace":47,"minecraft:play_one_minute":116085,"minecraft:sleep_in_bed":4,"minecraft:time_since_rest":9886,"minecraft:damage_taken":2147483647,"minecraft:damage_absorbed":40,"minecraft:damage_dealt":18477,"minecraft:swim_one_cm":18567,"minecraft:fly_one_cm":274891,"minecraft:open_chest":49,"minecraft:crouch_one_cm":9482,"tombstone:undead_killed":55,"minecraft:fall_one_cm":41745},"minecraft:crafted":{"minecraft:oak_planks":68,"minecraft:furnace":4,"shieldexp:iron_shield":1,"minecraft:cooked_mutton":6,"minecraft:glass":14,"travelersbackpack:white_sleeping_bag":1,"minecraft:iron_boots":1,"minecraft:stone_pickaxe":2,"minecraft:chest":2,"minecraft:stone_hoe":1,"minecraft:wheat":261,"minecraft:crafting_table":2,"travelersbackpack:backpack_tank":2,"travelersbackpack:standard":1,"minecraft:wooden_pickaxe":1,"minecraft:iron_helmet":1,"minecraft:stone_axe":1,"minecraft:air":0,"minecraft:bread":87,"minecraft:iron_chestplate":1,"minecraft:stick":28,"minecraft:iron_ingot":42,"minecraft:stone_sword":1,"minecraft:iron_shovel":1,"minecraft:iron_leggings":1,"minecraft:white_bed":1,"minecraft:torch":28},"minecraft:picked_up":{"minecraft:crafting_table":6,"minecraft:charcoal":8,"minecraft:coarse_dirt":1,"minecraft:iron_chestplate":1,"minecraft:wooden_pickaxe":1,"minecraft:cooked_rabbit":1,"minecraft:enchanted_book":1,"minecraft:diamond_horse_armor":1,"minecraft:chain":2,"minecraft:string":27,"minecraft:spruce_planks":5,"minecraft:beef":8,"minecraft:coal_block":7,"minecraft:chest":1,"minecraft:birch_sapling":2,"minecraft:iron_boots":1,"minecraft:furnace":13,"minecraft:torch":4,"minecraft:porkchop":6,"tombstone:grave_dust":9,"byg:cattail":1,"minecraft:arrow":35,"minecraft:rotten_flesh":14,"ars_nouveau:worn_notebook":2,"minecraft:hay_block":28,"minecraft:mutton":8,"minecraft:cobblestone":112,"minecraft:white_wool":4,"minecraft:birch_log":28,"minecraft:mossy_cobblestone_slab":1,"minecraft:leather_chestplate":1,"minecraft:feather":7,"minecraft:golden_carrot":1,"minecraft:salmon":1,"minecraft:andesite":4,"minecraft:leather":15,"minecraft:smoker":1,"minecraft:oak_log":18,"minecraft:dirt":7,"tombstone:gift":1,"minecraft:name_tag":1,"minecraft:bone":35,"minecraft:stone_bricks":7,"minecraft:bow":1,"alexsmobs:cockroach_wing_fragment":1,"minecraft:iron_ore":42,"minecraft:mossy_stone_bricks":4,"minecraft:oak_planks":66,"minecraft:stone_hoe":1,"minecraft:dark_oak_slab":1,"patchouli:guide_book":1,"minecraft:gravel":2,"minecraft:sand":14,"minecraft:white_bed":5,"alexsmobs:animal_dictionary":1,"minecraft:leather_helmet":1,"minecraft:bone_meal":1,"iceandfire:gorgon_head":1,"minecraft:baked_potato":1,"minecraft:oak_sapling":1,"minecraft:black_wool":4,"minecraft:coal":81},"minecraft:broken":{"minecraft:stone_sword":1,"minecraft:stone_pickaxe":1},"minecraft:mined":{"minecraft:spruce_planks":7,"minecraft:white_bed":5,"minecraft:carved_pumpkin":2,"byg:cattail":1,"minecraft:grass_block":66,"minecraft:coal_block":7,"minecraft:spawner":2,"minecraft:hay_block":28,"minecraft:mossy_cobblestone_slab":1,"minecraft:furnace":13,"minecraft:iron_ore":42,"minecraft:andesite":6,"minecraft:cobblestone_slab":1,"minecraft:stone":92,"minecraft:player_head":1,"minecraft:kelp_plant":1,"minecraft:smoker":1,"ars_nouveau:light_block":1,"minecraft:crafting_table":6,"minecraft:melon":3,"minecraft:chest":1,"minecraft:cobblestone":11,"minecraft:diorite":1,"minecraft:wall_torch":1,"minecraft:spruce_stairs":1,"minecraft:chain":2,"minecraft:coarse_dirt":1,"minecraft:dark_oak_slab":1,"minecraft:birch_log":16,"minecraft:birch_leaves":7,"minecraft:stone_brick_stairs":2,"minecraft:black_wool":3,"minecraft:grass":2,"minecraft:coal_ore":43,"minecraft:oak_log":18,"minecraft:dirt":5,"minecraft:gravel":2,"minecraft:sand":14,"minecraft:cobweb":1,"minecraft:cracked_stone_bricks":2,"minecraft:stone_bricks":8,"minecraft:mossy_stone_bricks":3,"minecraft:oak_leaves":29},"minecraft:dropped":{"minecraft:enchanted_book":1,"minecraft:iron_helmet":1,"minecraft:coal":1,"minecraft:torch":9,"minecraft:mutton":2,"tombstone:grave_dust":1,"alexsmobs:animal_dictionary":1,"minecraft:birch_sapling":1,"minecraft:oak_planks":48,"minecraft:name_tag":1,"patchouli:guide_book":1,"minecraft:chainmail_chestplate":1,"alexsmobs:cockroach_wing_fragment":1,"minecraft:iron_chestplate":2,"minecraft:mossy_stone_bricks":4,"minecraft:oak_sapling":1,"minecraft:bow":1,"minecraft:stone_pickaxe":1,"minecraft:wooden_pickaxe":1,"minecraft:black_wool":1},"minecraft:killed":{"iceandfire:gorgon":1,"minecraft:spider":1,"minecraft:zombie_horse":2,"minecraft:skeleton":34,"minecraft:silverfish":8,"ars_nouveau:summon_wolf":2,"minecraft:pig":3,"minecraft:salmon":1,"minecraft:sheep":5,"alexsmobs:cockroach":1,"minecraft:zombie":18,"ars_nouveau:wilden_stalker":2,"ars_nouveau:wilden_hunter":1,"minecraft:cow":4}},"DataVersion":2586}