{"stats":{"minecraft:killed":{"lycanitesmobs:banshee":1,"lycanitesmobs:roc":1,"lycanitesmobs:darkling":1,"lycanitesmobs:gnekk":1,"minecraft:skeleton":2,"lycanitesmobs:vapula":1,"minecraft:husk":3,"minecraft:pig":3,"lycanitesmobs:grue":1,"lycanitesmobs:wraamon":1,"minecraft:pillager":2,"lycanitesmobs:salamander":1,"lycanitesmobs:chupacabra":2,"minecraft:zombie":1,"lycanitesmobs:geonach":8,"lycanitesmobs:feradon":1},"minecraft:killed_by":{"lycanitesmobs:argus":1,"lycanitesmobs:ventoraptor":2,"minecraft:piglin_brute":1,"lycanitesmobs:krake":2,"minecraft:creeper":1,"lycanitesmobs:feradon":1,"lycanitesmobs:warg":1,"lycanitesmobs:chupacabra":3,"lycanitesmobs:gnekk":3,"lycanitesmobs:volcan":3,"lycanitesmobs:roc":1,"lycanitesmobs:geonach":10,"lycanitesmobs:banshee":1,"minecraft:skeleton":2,"minecraft:zombie":1,"alexsmobs:tarantula_hawk":1,"lycanitesmobs:grue":6,"lycanitesmobs:darkling":1,"animalium:wild_dog":1,"lycanitesmobs:wraamon":1},"minecraft:crafted":{"minecraft:stone_shovel":1,"minecraft:furnace":3,"byg:pine_planks":8,"minecraft:glass":22,"minecraft:iron_axe":1,"minecraft:stone_pickaxe":1,"minecraft:chest":2,"minecraft:dark_oak_planks":56,"minecraft:stone_hoe":1,"minecraft:crafting_table":2,"minecraft:spruce_planks":20,"travelersbackpack:backpack_tank":2,"minecraft:wooden_pickaxe":1,"minecraft:stone_axe":1,"minecraft:air":0,"minecraft:shield":1,"minecraft:stick":44,"minecraft:iron_ingot":3,"minecraft:iron_pickaxe":1,"minecraft:wooden_axe":1,"minecraft:stone_sword":1,"minecraft:torch":96},"minecraft:custom":{"minecraft:mob_kills":30,"minecraft:interact_with_crafting_table":16,"minecraft:leave_game":6,"minecraft:time_since_death":0,"minecraft:climb_one_cm":1782,"minecraft:sprint_one_cm":319620,"minecraft:walk_one_cm":363627,"minecraft:damage_blocked_by_shield":174,"minecraft:drop":33,"minecraft:talked_to_villager":2,"minecraft:deaths":43,"minecraft:sneak_time":3955,"minecraft:walk_under_water_one_cm":10026,"minecraft:jump":2473,"minecraft:walk_on_water_one_cm":10173,"minecraft:interact_with_furnace":16,"tombstone:raider_killed":2,"minecraft:play_one_minute":94209,"minecraft:sleep_in_bed":3,"minecraft:time_since_rest":624,"minecraft:damage_taken":12170,"minecraft:trigger_trapped_chest":2,"minecraft:damage_dealt":8044,"minecraft:swim_one_cm":1719,"minecraft:fly_one_cm":657334,"minecraft:open_chest":65,"minecraft:crouch_one_cm":16153,"tombstone:undead_killed":7,"minecraft:fall_one_cm":38433},"minecraft:mined":{"minecraft:stone_pressure_plate":1,"iceandfire:silver_ore":4,"minecraft:chiseled_red_sandstone":1,"minecraft:dark_oak_log":1,"minecraft:granite":6,"minecraft:brick_stairs":1,"minecraft:spruce_leaves":14,"minecraft:sandstone":1,"minecraft:spawner":5,"minecraft:hay_block":28,"minecraft:carrots":32,"iceandfire:copper_ore":2,"byg:iris":2,"minecraft:iron_ore":88,"minecraft:potatoes":31,"minecraft:vine":2,"byg:rocky_stone":4,"minecraft:stone":53,"minecraft:tripwire":1,"minecraft:stripped_dark_oak_log":14,"minecraft:smooth_sandstone":3,"minecraft:crafting_table":2,"minecraft:torch":1,"minecraft:poppy":1,"byg:yellow_birch_leaves":1,"minecraft:chest":1,"minecraft:bricks":1,"minecraft:diorite":1,"minecraft:light_blue_bed":1,"minecraft:birch_log":17,"byg:meadow_dirt":1,"minecraft:lilac":1,"minecraft:spruce_log":53,"byg:short_grass":3,"byg:pine_log":2,"byg:meadow_grass_block":5,"minecraft:grass":91,"minecraft:coal_ore":79,"minecraft:beetroots":1,"minecraft:sand":27,"minecraft:dirt":12,"byg:peat":3,"lycanitesmobs:scorchfire":7,"minecraft:cut_red_sandstone":2,"ars_nouveau:arcane_ore":7,"minecraft:oak_leaves":3},"minecraft:dropped":{"byg:peat":3,"minecraft:soul_sand":3,"minecraft:birch_planks":4,"minecraft:wheat_seeds":4,"minecraft:feather":5,"minecraft:granite":6,"minecraft:dirt":14,"minecraft:diorite":20,"tombstone:grave_key":1,"minecraft:wooden_axe":1,"minecraft:bricks":1,"minecraft:stone_sword":1,"minecraft:rotten_flesh":1,"betteranimalsplus:calamari_raw":2,"minecraft:stone":22,"minecraft:brick_stairs":1,"byg:rocky_stone":3,"minecraft:beetroot_seeds":4,"minecraft:stone_pressure_plate":1,"lycanitesmobs:equipmentpart_geonachspear":1,"minecraft:sandstone":1,"minecraft:wooden_pickaxe":2,"minecraft:quartz":5},"minecraft:picked_up":{"betteranimalsplus:calamari_raw":2,"minecraft:crafting_table":2,"lycanitesmobs:quillcharge":2,"lycanitesmobs:raw_chupacabra_meat":2,"iceandfire:copper_ore":4,"minecraft:wooden_pickaxe":1,"byg:peat":3,"croptopia:calamari":1,"lycanitesmobs:equipmentpart_geonachspear":2,"ars_nouveau:mana_gem":11,"minecraft:beetroot":1,"byg:pine_log":2,"minecraft:chest":1,"minecraft:sandstone":1,"minecraft:stone":39,"minecraft:torch":1,"iceandfire:silver_ore":4,"minecraft:porkchop":4,"minecraft:diorite":11,"minecraft:carrot":124,"minecraft:light_blue_bed":1,"lycanitesmobs:equipmentpart_bruchaquill":1,"minecraft:stone_pressure_plate":1,"minecraft:stone_sword":1,"minecraft:arrow":2,"minecraft:rotten_flesh":1,"minecraft:beetroot_seeds":4,"ars_nouveau:worn_notebook":1,"minecraft:hay_block":28,"minecraft:brick_stairs":1,"byg:rocky_stone":4,"minecraft:cobblestone":188,"minecraft:birch_log":17,"minecraft:feather":5,"minecraft:magma_cream":4,"minecraft:leather":3,"minecraft:potato":117,"minecraft:birch_planks":4,"minecraft:lapis_lazuli":5,"minecraft:dirt":14,"byg:meadow_dirt":6,"minecraft:bone":8,"minecraft:wheat_seeds":11,"lycanitesmobs:crystalshardcharge":5,"lycanitesmobs:poisongland":1,"minecraft:iron_ore":117,"minecraft:rabbit":1,"minecraft:soul_sand":3,"betteranimalsplus:bear_skin_brown":2,"minecraft:quartz":58,"minecraft:sand":26,"minecraft:ink_sac":2,"minecraft:spruce_log":80,"minecraft:gold_ore":1,"minecraft:dark_oak_log":1,"minecraft:cut_red_sandstone":2,"minecraft:slime_ball":2,"minecraft:granite":6,"minecraft:stripped_dark_oak_log":14,"minecraft:bricks":1,"minecraft:coal":71,"minecraft:ender_pearl":5},"minecraft:broken":{"minecraft:stone_sword":1},"minecraft:used":{"minecraft:stone_sword":138,"minecraft:stone_shovel":56,"minecraft:chest":3,"minecraft:shield":8,"minecraft:stone":17,"minecraft:stone_hoe":28,"minecraft:torch":46,"minecraft:carrot":37,"minecraft:dark_oak_planks":1,"minecraft:wooden_axe":6,"minecraft:iron_axe":6,"minecraft:light_blue_bed":1,"carryon:tile_item":1,"minecraft:furnace":3,"tombstone:gift":4,"minecraft:potato":37,"minecraft:iron_ore":1,"minecraft:stone_pickaxe":138,"minecraft:wooden_pickaxe":4,"minecraft:cookie":6,"minecraft:white_wool":2,"minecraft:crafting_table":4,"byg:meadow_dirt":1,"minecraft:dark_oak_log":1,"minecraft:bread":30,"minecraft:iron_pickaxe":233,"tombstone:grave_key":17,"minecraft:stone_axe":155,"minecraft:cobblestone":28}},"DataVersion":2586}