{"stats":{"minecraft:killed":{"lycanitesmobs:krake":2,"animalium:wild_dog":1,"lycanitesmobs:cephignis":1,"lycanitesmobs:roc":1,"lycanitesmobs:darkling":1,"minecraft:sheep":1,"lycanitesmobs:yale":1,"lycanitesmobs:chupacabra":1,"minecraft:zombie":2,"lycanitesmobs:ent":1,"betteranimalsplus:deer":1,"lycanitesmobs:geonach":5,"lycanitesmobs:jabberwock":1,"lycanitesmobs:afrit":1},"minecraft:killed_by":{"lycanitesmobs:naxiris":2,"lycanitesmobs:geonach":3,"lycanitesmobs:banshee":1,"lycanitesmobs:krake":2,"minecraft:skeleton":1,"lycanitesmobs:feradon":2,"minecraft:zombie":1,"lycanitesmobs:salamander":1,"lycanitesmobs:darkling":1,"lycanitesmobs:cockatrice":1},"minecraft:crafted":{"betteranimalsplus:venisoncooked":2,"minecraft:crafting_table":3,"travelersbackpack:backpack_tank":2,"minecraft:wooden_pickaxe":2,"minecraft:furnace":2,"minecraft:birch_planks":68,"minecraft:stone_axe":1,"minecraft:cooked_mutton":2,"minecraft:air":0,"minecraft:glass":12,"minecraft:stick":12,"minecraft:iron_ingot":13,"minecraft:stone_pickaxe":1,"minecraft:stone_sword":1,"minecraft:chest":1,"minecraft:iron_leggings":1,"minecraft:torch":2,"minecraft:dark_oak_planks":16},"minecraft:custom":{"minecraft:interact_with_furnace":38,"minecraft:mob_kills":21,"minecraft:interact_with_crafting_table":16,"minecraft:play_one_minute":51848,"minecraft:leave_game":2,"minecraft:time_since_death":758,"minecraft:climb_one_cm":148,"minecraft:time_since_rest":1,"minecraft:sprint_one_cm":130428,"minecraft:damage_taken":4377,"minecraft:walk_one_cm":108222,"minecraft:drop":27,"minecraft:damage_dealt":3751,"minecraft:swim_one_cm":268,"minecraft:fly_one_cm":334196,"minecraft:open_chest":13,"minecraft:crouch_one_cm":21331,"tombstone:undead_killed":3,"minecraft:deaths":15,"minecraft:sneak_time":5104,"minecraft:walk_under_water_one_cm":1363,"minecraft:jump":1534,"minecraft:walk_on_water_one_cm":3941,"minecraft:fall_one_cm":35756},"minecraft:mined":{"croptopia:grape_crop":1,"minecraft:dark_oak_log":4,"minecraft:crafting_table":4,"minecraft:torch":6,"minecraft:grass_block":1,"minecraft:cobblestone":2,"minecraft:wall_torch":1,"byg:prickly_pear_cactus":1,"minecraft:cactus":2,"minecraft:furnace":5,"minecraft:birch_log":11,"minecraft:iron_ore":11,"byg:short_grass":1,"minecraft:andesite":4,"minecraft:grass":15,"minecraft:coal_ore":1,"minecraft:vine":1,"minecraft:sand":13,"minecraft:dirt":1,"byg:palo_verde_log":7,"lycanitesmobs:scorchfire":3,"minecraft:stone":34,"minecraft:netherrack":1},"minecraft:dropped":{"minecraft:wheat_seeds":2,"minecraft:coarse_dirt":1,"minecraft:golden_horse_armor":2,"byg:red_rock":3,"minecraft:clay_ball":4,"byg:yellow_birch_sapling":1,"byg:palo_verde_sapling":3,"minecraft:light_weighted_pressure_plate":1,"minecraft:stone":16,"croptopia:grape_seed":2,"minecraft:ink_sac":2,"minecraft:andesite":2,"minecraft:rabbit":1,"minecraft:golden_leggings":1,"minecraft:red_sand":1,"minecraft:wooden_pickaxe":1,"minecraft:magma_cream":1,"minecraft:dark_oak_planks":2,"minecraft:white_wool":1,"minecraft:netherrack":1},"minecraft:picked_up":{"minecraft:birch_log":13,"minecraft:coarse_dirt":1,"lycanitesmobs:quillcharge":2,"minecraft:crafting_table":4,"lycanitesmobs:raw_chupacabra_meat":1,"minecraft:magma_cream":1,"minecraft:clay_ball":4,"croptopia:grape_seed":2,"minecraft:andesite":4,"minecraft:leather":19,"betteranimalsplus:venisonraw":2,"byg:palo_verde_sapling":2,"croptopia:calamari":1,"lycanitesmobs:raw_krake_meat":6,"minecraft:dirt":1,"tombstone:gift":1,"byg:red_rock":3,"betteranimalsplus:venisoncooked":4,"minecraft:bone":1,"minecraft:wheat_seeds":1,"minecraft:red_sand":1,"minecraft:iron_ore":13,"minecraft:rabbit":1,"lycanitesmobs:raw_maka_meat":2,"minecraft:furnace":5,"minecraft:stick":5,"minecraft:stone":16,"minecraft:torch":10,"minecraft:quartz":9,"minecraft:sand":13,"tombstone:grave_dust":1,"minecraft:ink_sac":2,"lycanitesmobs:equipmentpart_bruchaquill":1,"minecraft:dark_oak_log":4,"byg:yellow_birch_sapling":1,"minecraft:dark_oak_planks":1,"croptopia:grape":1,"lycanitesmobs:scorchfireballcharge":5,"minecraft:cactus":2,"minecraft:stone_axe":2,"ars_nouveau:worn_notebook":1,"byg:palo_verde_log":7,"minecraft:golden_horse_armor":1,"minecraft:blaze_rod":2,"minecraft:netherrack":1,"minecraft:mutton":2,"minecraft:coal":13,"minecraft:white_wool":1,"minecraft:cobblestone":51,"minecraft:ender_pearl":1},"minecraft:broken":{"minecraft:golden_helmet":1,"minecraft:wooden_pickaxe":1},"minecraft:used":{"croptopia:grape":1,"minecraft:cooked_mutton":2,"minecraft:stone_sword":25,"minecraft:birch_planks":2,"minecraft:stone_pickaxe":60,"minecraft:chest":1,"minecraft:cactus":2,"minecraft:wooden_pickaxe":38,"minecraft:torch":7,"minecraft:dirt":1,"minecraft:crafting_table":7,"minecraft:stone_axe":73,"minecraft:cobblestone":9,"minecraft:furnace":7,"minecraft:birch_log":3,"minecraft:andesite":2,"tombstone:gift":3,"alexsmobs:animal_dictionary":4,"betteranimalsplus:venisoncooked":2}},"DataVersion":2586}