{"stats":{"minecraft:crafted":{"minecraft:oak_planks":4},"minecraft:picked_up":{"minecraft:oak_log":1,"tombstone:grave_dust":1,"ars_nouveau:worn_notebook":1},"minecraft:custom":{"minecraft:jump":28,"minecraft:time_since_rest":2610,"minecraft:leave_game":1,"minecraft:damage_dealt":58,"minecraft:crouch_one_cm":893,"minecraft:play_one_minute":2610,"minecraft:sprint_one_cm":2636,"minecraft:damage_taken":85,"minecraft:time_since_death":2610,"minecraft:walk_one_cm":3222,"minecraft:sneak_time":225,"minecraft:mob_kills":1,"minecraft:fall_one_cm":839,"minecraft:fly_one_cm":3557},"minecraft:mined":{"minecraft:oak_log":1,"minecraft:oak_leaves":4}},"DataVersion":2586}