{"stats":{"minecraft:killed":{"lycanitesmobs:krake":3,"animalium:wild_dog":1,"lycanitesmobs:cephignis":1,"lycanitesmobs:roc":7,"minecraft:spider":3,"lycanitesmobs:lacedon":1,"lycanitesmobs:gnekk":1,"lycanitesmobs:volcan":1,"minecraft:skeleton":2,"lycanitesmobs:yale":1,"betteranimalsplus:deer":1,"lycanitesmobs:erepede":1,"lycanitesmobs:jouste":1,"lycanitesmobs:brucha":1,"lycanitesmobs:geist":1,"minecraft:iron_golem":2,"minecraft:creeper":1,"minecraft:sheep":1,"minecraft:zombie":6,"lycanitesmobs:geonach":6,"lycanitesmobs:raiko":3,"lycanitesmobs:reaper":1,"alexsmobs:tarantula_hawk":1,"lycanitesmobs:herma":2,"lycanitesmobs:darkling":1,"lycanitesmobs:ent":3,"lycanitesmobs:balayang":1,"lycanitesmobs:joustealpha":1,"lycanitesmobs:quetzodracl":1,"lycanitesmobs:grue":2,"lycanitesmobs:chupacabra":1,"lycanitesmobs:jengu":1,"ars_nouveau:wilden_stalker":1,"lycanitesmobs:jabberwock":1,"lycanitesmobs:afrit":2},"minecraft:killed_by":{"lycanitesmobs:naxiris":2,"lycanitesmobs:krake":3,"minecraft:creeper":1,"lycanitesmobs:feradon":2,"lycanitesmobs:raiko":1,"lycanitesmobs:salamander":1,"lycanitesmobs:warg":1,"lycanitesmobs:volcan":3,"minecraft:zombie":4,"lycanitesmobs:darkling":2,"lycanitesmobs:cockatrice":1,"animalium:wild_dog":1,"lycanitesmobs:balayang":1,"minecraft:husk":2,"lycanitesmobs:argus":2,"lycanitesmobs:herma":1,"lycanitesmobs:ostimien":1,"ars_nouveau:wilden_stalker":1,"lycanitesmobs:chupacabra":1,"lycanitesmobs:geonach":6,"lycanitesmobs:banshee":1,"minecraft:skeleton":4,"lycanitesmobs:skylus":1,"lycanitesmobs:grue":2},"minecraft:custom":{"minecraft:interact_with_crafting_table":48,"minecraft:open_barrel":3,"minecraft:bell_ring":38,"minecraft:leave_game":2,"minecraft:time_since_death":7958,"minecraft:sprint_one_cm":434875,"minecraft:drop":64,"minecraft:talked_to_villager":15,"minecraft:deaths":50,"minecraft:jump":4448,"minecraft:walk_on_water_one_cm":21536,"minecraft:interact_with_furnace":102,"minecraft:traded_with_villager":46,"minecraft:play_one_minute":159848,"minecraft:sleep_in_bed":10,"minecraft:waystone_activated":1,"tombstone:sneak_grave":9,"minecraft:damage_dealt":15498,"minecraft:crouch_one_cm":64882,"tombstone:undead_killed":11,"minecraft:interact_with_smithing_table":3,"minecraft:mob_kills":69,"minecraft:climb_one_cm":5207,"minecraft:walk_one_cm":348871,"minecraft:sneak_time":18082,"minecraft:walk_under_water_one_cm":10216,"minecraft:time_since_rest":7558,"minecraft:damage_taken":15058,"minecraft:damage_absorbed":40,"minecraft:swim_one_cm":2080,"minecraft:fly_one_cm":1088813,"minecraft:open_chest":158,"minecraft:fall_one_cm":114668},"minecraft:crafted":{"betteranimalsplus:venisoncooked":2,"minecraft:oak_planks":16,"croptopia:toast":18,"minecraft:cooked_mutton":2,"minecraft:glass":25,"minecraft:chest":9,"travelersbackpack:iron_tier_upgrade":1,"minecraft:emerald":45,"minecraft:crafting_table":3,"minecraft:spruce_planks":888,"minecraft:wooden_pickaxe":2,"travelersbackpack:standard":1,"minecraft:fletching_table":3,"minecraft:birch_planks":100,"minecraft:iron_chestplate":1,"minecraft:diamond_pickaxe":2,"minecraft:stick":1792,"minecraft:iron_ingot":40,"minecraft:iron_pickaxe":1,"minecraft:stone_sword":1,"minecraft:gold_ingot":4,"minecraft:furnace":2,"minecraft:bone_meal":15,"travelersbackpack:blank_upgrade":4,"travelersbackpack:white_sleeping_bag":1,"minecraft:iron_axe":3,"minecraft:stone_pickaxe":1,"minecraft:dark_oak_planks":16,"minecraft:cooked_cod":10,"iceandfire:silver_ingot":3,"travelersbackpack:backpack_tank":4,"minecraft:iron_sword":1,"minecraft:stone_axe":2,"minecraft:air":0,"minecraft:bread":23,"minecraft:white_wool":4,"minecraft:wooden_axe":1,"minecraft:iron_leggings":1,"minecraft:torch":2},"minecraft:mined":{"croptopia:grape_crop":1,"byg:cattail":1,"minecraft:red_sand":1,"minecraft:grass_block":5,"minecraft:spawner":5,"minecraft:iron_ore":25,"minecraft:enchanting_table":2,"minecraft:torch":6,"minecraft:chest":2,"minecraft:cobblestone":3,"minecraft:cyan_bed":2,"minecraft:wall_torch":1,"minecraft:cauldron":1,"minecraft:birch_log":32,"minecraft:grass":46,"minecraft:loom":2,"minecraft:sand":27,"minecraft:dirt":1,"minecraft:netherrack":1,"minecraft:oak_leaves":2,"minecraft:diamond_ore":2,"minecraft:dark_oak_log":4,"travelersbackpack:white_sleeping_bag":2,"minecraft:spruce_leaves":192,"minecraft:sandstone":3,"minecraft:hay_block":16,"minecraft:furnace":7,"minecraft:andesite":15,"minecraft:vine":5,"minecraft:stripped_oak_log":4,"minecraft:stone":107,"minecraft:smithing_table":1,"lycanitesmobs:shadowfire":9,"minecraft:polished_granite":1,"minecraft:crafting_table":4,"minecraft:diorite":3,"byg:prickly_pear_cactus":1,"minecraft:birch_planks":3,"minecraft:cactus":4,"byg:scoria_stone":12,"byg:short_grass":3,"minecraft:gray_bed":3,"minecraft:spruce_log":239,"minecraft:coal_ore":22,"minecraft:gravel":79,"byg:palo_verde_log":7,"lycanitesmobs:scorchfire":4,"ars_nouveau:arcane_ore":4,"minecraft:gold_ore":4},"minecraft:dropped":{"minecraft:oak_log":1,"byg:red_rock":3,"byg:yellow_birch_sapling":1,"minecraft:light_weighted_pressure_plate":1,"minecraft:cod":2,"minecraft:cobblestone_stairs":1,"minecraft:dark_oak_planks":2,"minecraft:white_wool":2,"minecraft:bone":2,"minecraft:rotten_flesh":2,"byg:palo_verde_sapling":3,"minecraft:poppy":1,"byg:rocky_stone":3,"minecraft:melon_seeds":1,"minecraft:arrow":2,"minecraft:glass":1,"minecraft:quartz":16,"minecraft:polished_granite":1,"minecraft:netherrack":1,"minecraft:bread":22,"minecraft:wheat_seeds":12,"minecraft:golden_horse_armor":2,"minecraft:iron_helmet":1,"minecraft:granite":6,"minecraft:stick":2,"byg:cattail":1,"minecraft:diorite":2,"croptopia:grape_seed":2,"minecraft:ink_sac":2,"tombstone:grave_key":2,"minecraft:rabbit":1,"minecraft:oak_stairs":3,"minecraft:coarse_dirt":1,"minecraft:clay_ball":8,"minecraft:stone":16,"minecraft:andesite":5,"minecraft:golden_leggings":1,"minecraft:red_sand":1,"minecraft:wooden_pickaxe":1,"minecraft:magma_cream":1},"minecraft:picked_up":{"lycanitesmobs:quillcharge":4,"lycanitesmobs:raw_chupacabra_meat":1,"croptopia:grape_seed":2,"minecraft:prismarine_shard":7,"minecraft:smithing_table":1,"minecraft:oak_stairs":3,"betteranimalsplus:venisonraw":2,"lycanitesmobs:magmacharge":2,"croptopia:calamari":1,"byg:palo_verde_sapling":2,"tombstone:grave_key":1,"byg:red_rock":3,"minecraft:iron_leggings":1,"betteranimalsplus:venisoncooked":4,"ars_nouveau:mana_gem":4,"minecraft:red_sand":2,"minecraft:gold_nugget":1,"minecraft:furnace":7,"minecraft:iron_boots":1,"minecraft:stick":26,"minecraft:torch":10,"tombstone:grave_dust":1,"minecraft:diorite":3,"lycanitesmobs:geistliver":4,"lycanitesmobs:equipmentpart_bruchaquill":2,"byg:cattail":1,"minecraft:cauldron":1,"minecraft:cactus":4,"minecraft:rotten_flesh":2,"minecraft:tropical_fish":2,"ars_nouveau:worn_notebook":1,"minecraft:blaze_rod":2,"minecraft:obsidian":3,"minecraft:cod":8,"minecraft:cobblestone":143,"minecraft:birch_log":34,"minecraft:enchanting_table":2,"minecraft:feather":17,"minecraft:magma_cream":1,"minecraft:andesite":17,"minecraft:flint":8,"minecraft:dirt":5,"minecraft:lantern":2,"minecraft:polished_granite":2,"minecraft:bone":29,"minecraft:wheat_seeds":16,"lycanitesmobs:poisongland":1,"minecraft:rabbit":1,"minecraft:glowstone_dust":7,"minecraft:oak_planks":1,"lycanitesmobs:spectralboltcharge":3,"lycanitesmobs:equipmentpart_entarm":1,"minecraft:sand":27,"minecraft:ink_sac":2,"minecraft:loom":2,"minecraft:cyan_bed":2,"minecraft:dark_oak_log":4,"travelersbackpack:white_sleeping_bag":2,"lycanitesmobs:scorchfireballcharge":7,"minecraft:diamond":2,"minecraft:crossbow":1,"minecraft:granite":8,"minecraft:golden_horse_armor":1,"minecraft:bread":22,"minecraft:netherrack":1,"minecraft:coarse_dirt":1,"minecraft:crafting_table":4,"minecraft:clay_ball":12,"minecraft:shield":2,"minecraft:poppy":3,"minecraft:chest":2,"lycanitesmobs:raw_maka_meat":2,"minecraft:phantom_membrane":2,"minecraft:sandstone":3,"minecraft:stone":16,"minecraft:dark_oak_planks":1,"croptopia:grape":1,"byg:yellow_birch_sapling":1,"lycanitesmobs:aquapulsecharge":3,"minecraft:arrow":2,"lycanitesmobs:raw_jouste_meat":2,"minecraft:hay_block":15,"lycanitesmobs:chaosorbcharge":4,"minecraft:mutton":2,"byg:rocky_stone":3,"minecraft:white_wool":2,"minecraft:stripped_oak_log":4,"minecraft:salmon":5,"minecraft:leather":26,"minecraft:birch_planks":18,"lycanitesmobs:mudshotcharge":4,"minecraft:oak_log":1,"lycanitesmobs:raw_krake_meat":10,"minecraft:cobblestone_stairs":1,"tombstone:gift":1,"lycanitesmobs:equipmentpart_lacedonhead":1,"byg:scoria_cobblestone":12,"minecraft:iron_ingot":10,"minecraft:iron_ore":35,"minecraft:gray_bed":3,"minecraft:soul_sand":4,"minecraft:quartz":25,"lycanitesmobs:equipmentpart_grueclaw":1,"minecraft:gravel":73,"minecraft:spruce_sapling":27,"minecraft:spruce_log":246,"minecraft:gold_ore":4,"minecraft:pumpkin_seeds":3,"minecraft:slime_ball":1,"minecraft:stone_axe":2,"byg:palo_verde_log":7,"minecraft:iron_helmet":2,"minecraft:melon_seeds":1,"minecraft:coal":38,"minecraft:ender_pearl":6},"minecraft:broken":{"minecraft:golden_helmet":1,"minecraft:stone_axe":2,"minecraft:wooden_pickaxe":1,"minecraft:iron_axe":1},"minecraft:used":{"minecraft:red_sand":1,"minecraft:chest":9,"tombstone:scroll_of_preservation":1,"minecraft:hay_block":9,"minecraft:furnace":9,"minecraft:gray_bed":3,"minecraft:diorite":1,"minecraft:stone_pickaxe":60,"minecraft:cactus":4,"minecraft:ender_pearl":2,"minecraft:wooden_pickaxe":38,"minecraft:golden_apple":1,"minecraft:sand":2,"minecraft:loom":1,"minecraft:bread":9,"minecraft:cyan_bed":2,"tombstone:grave_key":6,"minecraft:polished_granite":1,"minecraft:gravel":66,"croptopia:toast":9,"minecraft:smithing_table":1,"minecraft:birch_log":3,"minecraft:andesite":12,"minecraft:bone_meal":7,"minecraft:enchanting_table":3,"minecraft:stone_sword":116,"minecraft:torch":13,"minecraft:dirt":5,"minecraft:granite":2,"minecraft:iron_axe":329,"tombstone:gift":5,"betteranimalsplus:venisoncooked":2,"croptopia:grape":1,"minecraft:cooked_mutton":2,"minecraft:birch_planks":5,"minecraft:fletching_table":2,"minecraft:salmon":4,"minecraft:crafting_table":7,"minecraft:spruce_log":12,"minecraft:diamond_pickaxe":10,"minecraft:iron_pickaxe":188,"travelersbackpack:white_sleeping_bag":2,"minecraft:spruce_sapling":12,"minecraft:stone_axe":160,"minecraft:cobblestone":104,"minecraft:potion":1,"alexsmobs:animal_dictionary":5}},"DataVersion":2586}