{"stats":{"minecraft:killed":{"lycanitesmobs:krake":3,"animalium:wild_dog":1,"lycanitesmobs:cephignis":1,"alexsmobs:tarantula_hawk":1,"lycanitesmobs:herma":1,"lycanitesmobs:roc":6,"minecraft:spider":3,"lycanitesmobs:darkling":1,"lycanitesmobs:lacedon":1,"lycanitesmobs:gnekk":1,"lycanitesmobs:volcan":1,"minecraft:skeleton":2,"lycanitesmobs:yale":1,"lycanitesmobs:ent":2,"betteranimalsplus:deer":1,"lycanitesmobs:geist":1,"lycanitesmobs:grue":2,"lycanitesmobs:jouste":1,"lycanitesmobs:brucha":1,"minecraft:iron_golem":2,"minecraft:creeper":1,"minecraft:sheep":1,"lycanitesmobs:jengu":1,"lycanitesmobs:chupacabra":1,"minecraft:zombie":6,"ars_nouveau:wilden_stalker":1,"lycanitesmobs:geonach":6,"lycanitesmobs:raiko":2,"lycanitesmobs:afrit":2,"lycanitesmobs:jabberwock":1},"minecraft:killed_by":{"minecraft:husk":2,"lycanitesmobs:argus":2,"lycanitesmobs:naxiris":2,"lycanitesmobs:krake":3,"minecraft:creeper":1,"lycanitesmobs:herma":1,"lycanitesmobs:feradon":2,"lycanitesmobs:raiko":1,"lycanitesmobs:ostimien":1,"lycanitesmobs:salamander":1,"lycanitesmobs:warg":1,"ars_nouveau:wilden_stalker":1,"lycanitesmobs:chupacabra":1,"lycanitesmobs:volcan":3,"lycanitesmobs:geonach":6,"lycanitesmobs:banshee":1,"minecraft:skeleton":4,"minecraft:zombie":4,"lycanitesmobs:skylus":1,"lycanitesmobs:grue":2,"lycanitesmobs:darkling":2,"lycanitesmobs:cockatrice":1,"animalium:wild_dog":1},"minecraft:crafted":{"betteranimalsplus:venisoncooked":2,"minecraft:furnace":2,"croptopia:toast":18,"minecraft:bone_meal":15,"travelersbackpack:blank_upgrade":4,"minecraft:cooked_mutton":2,"minecraft:glass":25,"travelersbackpack:white_sleeping_bag":1,"minecraft:iron_axe":2,"minecraft:stone_pickaxe":1,"minecraft:chest":9,"minecraft:dark_oak_planks":16,"minecraft:cooked_cod":10,"travelersbackpack:iron_tier_upgrade":1,"minecraft:emerald":32,"iceandfire:silver_ingot":3,"minecraft:crafting_table":3,"minecraft:spruce_planks":784,"travelersbackpack:backpack_tank":4,"minecraft:wooden_pickaxe":2,"travelersbackpack:standard":1,"minecraft:fletching_table":3,"minecraft:birch_planks":100,"minecraft:stone_axe":2,"minecraft:bread":23,"minecraft:air":0,"minecraft:iron_chestplate":1,"minecraft:white_wool":4,"minecraft:stick":1552,"minecraft:iron_ingot":40,"minecraft:iron_pickaxe":1,"minecraft:wooden_axe":1,"minecraft:stone_sword":1,"minecraft:gold_ingot":4,"minecraft:iron_leggings":1,"minecraft:torch":2},"minecraft:custom":{"minecraft:interact_with_smithing_table":3,"minecraft:mob_kills":59,"minecraft:interact_with_crafting_table":48,"minecraft:open_barrel":3,"minecraft:bell_ring":38,"minecraft:leave_game":2,"minecraft:time_since_death":9006,"minecraft:climb_one_cm":4124,"minecraft:sprint_one_cm":404257,"minecraft:walk_one_cm":317883,"minecraft:drop":55,"minecraft:talked_to_villager":10,"minecraft:deaths":49,"minecraft:sneak_time":17116,"minecraft:walk_under_water_one_cm":8924,"minecraft:jump":4210,"minecraft:walk_on_water_one_cm":20969,"minecraft:interact_with_furnace":101,"minecraft:traded_with_villager":32,"minecraft:play_one_minute":147848,"minecraft:sleep_in_bed":7,"minecraft:time_since_rest":8755,"minecraft:waystone_activated":1,"minecraft:damage_taken":14040,"minecraft:damage_absorbed":40,"tombstone:sneak_grave":9,"minecraft:damage_dealt":13430,"minecraft:swim_one_cm":2080,"minecraft:fly_one_cm":1036246,"minecraft:open_chest":135,"minecraft:crouch_one_cm":60920,"tombstone:undead_killed":10,"minecraft:fall_one_cm":106938},"minecraft:mined":{"minecraft:diamond_ore":2,"croptopia:grape_crop":1,"minecraft:dark_oak_log":4,"byg:cattail":1,"minecraft:red_sand":1,"minecraft:grass_block":5,"travelersbackpack:white_sleeping_bag":2,"minecraft:spruce_leaves":192,"minecraft:sandstone":3,"minecraft:spawner":5,"minecraft:hay_block":14,"minecraft:furnace":7,"minecraft:iron_ore":25,"minecraft:andesite":15,"minecraft:enchanting_table":2,"minecraft:vine":5,"minecraft:stone":107,"minecraft:smithing_table":1,"lycanitesmobs:shadowfire":9,"minecraft:polished_granite":1,"minecraft:crafting_table":4,"minecraft:torch":6,"minecraft:chest":2,"minecraft:cobblestone":3,"minecraft:cyan_bed":1,"minecraft:diorite":2,"minecraft:wall_torch":1,"minecraft:cauldron":1,"minecraft:birch_planks":3,"byg:prickly_pear_cactus":1,"minecraft:cactus":4,"byg:scoria_stone":12,"minecraft:birch_log":32,"minecraft:spruce_log":239,"minecraft:gray_bed":3,"byg:short_grass":3,"minecraft:grass":46,"minecraft:loom":2,"minecraft:coal_ore":22,"minecraft:gravel":79,"byg:palo_verde_log":7,"minecraft:sand":27,"minecraft:dirt":1,"ars_nouveau:arcane_ore":4,"lycanitesmobs:scorchfire":4,"minecraft:netherrack":1,"minecraft:gold_ore":4,"minecraft:oak_leaves":2},"minecraft:dropped":{"minecraft:bread":22,"minecraft:wheat_seeds":9,"minecraft:golden_horse_armor":2,"byg:red_rock":3,"minecraft:granite":6,"byg:yellow_birch_sapling":1,"minecraft:cod":2,"minecraft:cobblestone_stairs":1,"minecraft:light_weighted_pressure_plate":1,"minecraft:diorite":2,"croptopia:grape_seed":2,"minecraft:ink_sac":2,"tombstone:grave_key":2,"minecraft:rabbit":1,"minecraft:oak_stairs":3,"minecraft:dark_oak_planks":2,"minecraft:white_wool":2,"minecraft:bone":2,"minecraft:coarse_dirt":1,"minecraft:rotten_flesh":2,"minecraft:clay_ball":8,"byg:palo_verde_sapling":3,"minecraft:stone":16,"byg:rocky_stone":3,"minecraft:andesite":5,"minecraft:golden_leggings":1,"minecraft:glass":1,"minecraft:arrow":2,"minecraft:red_sand":1,"minecraft:wooden_pickaxe":1,"minecraft:magma_cream":1,"minecraft:quartz":9,"minecraft:polished_granite":1,"minecraft:netherrack":1},"minecraft:picked_up":{"minecraft:crafting_table":4,"lycanitesmobs:quillcharge":4,"minecraft:coarse_dirt":1,"lycanitesmobs:raw_chupacabra_meat":1,"minecraft:clay_ball":12,"croptopia:grape_seed":2,"minecraft:smithing_table":1,"minecraft:oak_stairs":3,"betteranimalsplus:venisonraw":2,"lycanitesmobs:magmacharge":2,"tombstone:grave_key":1,"croptopia:calamari":1,"byg:palo_verde_sapling":2,"minecraft:shield":1,"byg:red_rock":3,"betteranimalsplus:venisoncooked":4,"ars_nouveau:mana_gem":4,"minecraft:red_sand":2,"minecraft:poppy":3,"minecraft:chest":2,"lycanitesmobs:raw_maka_meat":2,"minecraft:furnace":7,"minecraft:stick":20,"minecraft:sandstone":3,"minecraft:stone":16,"minecraft:torch":10,"tombstone:grave_dust":1,"minecraft:diorite":2,"lycanitesmobs:geistliver":4,"byg:cattail":1,"lycanitesmobs:equipmentpart_bruchaquill":2,"minecraft:cauldron":1,"minecraft:dark_oak_planks":1,"croptopia:grape":1,"byg:yellow_birch_sapling":1,"lycanitesmobs:aquapulsecharge":3,"minecraft:cactus":4,"minecraft:arrow":2,"minecraft:rotten_flesh":2,"minecraft:tropical_fish":1,"lycanitesmobs:raw_jouste_meat":1,"ars_nouveau:worn_notebook":1,"minecraft:hay_block":13,"lycanitesmobs:chaosorbcharge":4,"minecraft:blaze_rod":2,"minecraft:obsidian":3,"minecraft:mutton":2,"minecraft:cod":7,"byg:rocky_stone":3,"minecraft:white_wool":2,"minecraft:cobblestone":143,"minecraft:enchanting_table":2,"minecraft:birch_log":34,"minecraft:feather":14,"minecraft:magma_cream":1,"minecraft:salmon":3,"minecraft:andesite":17,"minecraft:leather":20,"minecraft:birch_planks":18,"minecraft:flint":6,"minecraft:cobblestone_stairs":1,"lycanitesmobs:raw_krake_meat":10,"minecraft:dirt":5,"minecraft:lantern":2,"tombstone:gift":1,"minecraft:polished_granite":2,"lycanitesmobs:equipmentpart_lacedonhead":1,"byg:scoria_cobblestone":12,"minecraft:bone":13,"minecraft:wheat_seeds":13,"lycanitesmobs:poisongland":1,"minecraft:iron_ingot":9,"minecraft:iron_ore":33,"minecraft:rabbit":1,"minecraft:glowstone_dust":7,"minecraft:gray_bed":3,"minecraft:oak_planks":1,"lycanitesmobs:equipmentpart_entarm":1,"minecraft:spruce_sapling":20,"minecraft:spruce_log":246,"minecraft:gravel":73,"minecraft:quartz":18,"lycanitesmobs:equipmentpart_grueclaw":1,"minecraft:sand":27,"minecraft:loom":2,"minecraft:ink_sac":2,"minecraft:cyan_bed":1,"minecraft:gold_ore":4,"minecraft:dark_oak_log":4,"travelersbackpack:white_sleeping_bag":2,"minecraft:pumpkin_seeds":3,"lycanitesmobs:scorchfireballcharge":7,"minecraft:slime_ball":1,"minecraft:diamond":2,"minecraft:stone_axe":2,"byg:palo_verde_log":7,"minecraft:granite":8,"minecraft:bread":22,"minecraft:golden_horse_armor":1,"minecraft:netherrack":1,"minecraft:coal":38,"minecraft:ender_pearl":5},"minecraft:broken":{"minecraft:golden_helmet":1,"minecraft:wooden_pickaxe":1,"minecraft:iron_axe":1,"minecraft:stone_axe":2},"minecraft:used":{"minecraft:enchanting_table":3,"minecraft:red_sand":1,"minecraft:stone_sword":116,"minecraft:chest":9,"minecraft:torch":13,"tombstone:scroll_of_preservation":1,"minecraft:dirt":5,"minecraft:granite":2,"minecraft:iron_axe":292,"minecraft:hay_block":7,"minecraft:furnace":9,"minecraft:gray_bed":3,"tombstone:gift":5,"betteranimalsplus:venisoncooked":2,"croptopia:grape":1,"minecraft:cooked_mutton":2,"minecraft:birch_planks":5,"minecraft:stone_pickaxe":60,"minecraft:cactus":4,"minecraft:ender_pearl":2,"minecraft:wooden_pickaxe":38,"minecraft:fletching_table":2,"minecraft:salmon":4,"minecraft:golden_apple":1,"minecraft:sand":2,"minecraft:loom":1,"minecraft:crafting_table":7,"minecraft:spruce_log":12,"minecraft:cyan_bed":1,"minecraft:bread":9,"minecraft:iron_pickaxe":188,"travelersbackpack:white_sleeping_bag":2,"minecraft:polished_granite":1,"tombstone:grave_key":6,"minecraft:spruce_sapling":12,"minecraft:gravel":66,"croptopia:toast":3,"minecraft:stone_axe":160,"minecraft:potion":1,"minecraft:cobblestone":104,"minecraft:smithing_table":1,"minecraft:andesite":12,"minecraft:birch_log":3,"alexsmobs:animal_dictionary":5,"minecraft:bone_meal":7}},"DataVersion":2586}