{"stats":{"minecraft:killed":{"lycanitesmobs:krake":3,"animalium:wild_dog":1,"lycanitesmobs:cephignis":1,"lycanitesmobs:roc":4,"lycanitesmobs:darkling":1,"minecraft:skeleton":1,"lycanitesmobs:yale":1,"lycanitesmobs:ent":1,"betteranimalsplus:deer":1,"minecraft:sheep":1,"lycanitesmobs:chupacabra":1,"minecraft:zombie":2,"lycanitesmobs:geonach":5,"lycanitesmobs:afrit":1,"lycanitesmobs:jabberwock":1},"minecraft:killed_by":{"lycanitesmobs:naxiris":2,"lycanitesmobs:krake":2,"lycanitesmobs:herma":1,"lycanitesmobs:feradon":2,"lycanitesmobs:salamander":1,"lycanitesmobs:geonach":3,"lycanitesmobs:banshee":1,"minecraft:skeleton":2,"minecraft:zombie":1,"lycanitesmobs:darkling":1,"lycanitesmobs:cockatrice":1},"minecraft:custom":{"minecraft:mob_kills":26,"minecraft:interact_with_crafting_table":22,"minecraft:leave_game":2,"minecraft:time_since_death":6412,"minecraft:climb_one_cm":148,"minecraft:sprint_one_cm":163051,"minecraft:walk_one_cm":124865,"minecraft:drop":30,"minecraft:deaths":17,"minecraft:sneak_time":6927,"minecraft:walk_under_water_one_cm":4231,"minecraft:jump":1920,"minecraft:walk_on_water_one_cm":8319,"minecraft:interact_with_furnace":43,"minecraft:play_one_minute":63848,"minecraft:sleep_in_bed":2,"minecraft:time_since_rest":6009,"minecraft:damage_taken":5195,"minecraft:damage_absorbed":40,"minecraft:damage_dealt":4809,"minecraft:swim_one_cm":741,"minecraft:fly_one_cm":459579,"minecraft:open_chest":17,"minecraft:crouch_one_cm":25093,"tombstone:undead_killed":4,"minecraft:fall_one_cm":39058},"minecraft:crafted":{"betteranimalsplus:venisoncooked":2,"minecraft:furnace":2,"minecraft:cooked_mutton":2,"minecraft:glass":12,"travelersbackpack:white_sleeping_bag":1,"minecraft:stone_pickaxe":1,"minecraft:chest":3,"minecraft:dark_oak_planks":16,"minecraft:crafting_table":3,"travelersbackpack:backpack_tank":2,"minecraft:wooden_pickaxe":2,"minecraft:birch_planks":68,"minecraft:stone_axe":1,"minecraft:air":0,"minecraft:white_wool":4,"minecraft:stick":12,"minecraft:iron_ingot":13,"minecraft:iron_pickaxe":1,"minecraft:stone_sword":1,"minecraft:iron_leggings":1,"minecraft:torch":2},"minecraft:mined":{"croptopia:grape_crop":1,"minecraft:dark_oak_log":4,"minecraft:grass_block":1,"travelersbackpack:white_sleeping_bag":1,"minecraft:furnace":5,"minecraft:iron_ore":11,"minecraft:andesite":8,"minecraft:vine":1,"minecraft:stone":89,"minecraft:crafting_table":4,"minecraft:torch":6,"minecraft:cobblestone":2,"minecraft:diorite":2,"minecraft:wall_torch":1,"byg:prickly_pear_cactus":1,"minecraft:cactus":2,"byg:scoria_stone":12,"minecraft:birch_log":11,"byg:short_grass":1,"minecraft:grass":16,"minecraft:coal_ore":3,"byg:palo_verde_log":7,"minecraft:sand":13,"minecraft:dirt":1,"lycanitesmobs:scorchfire":3,"minecraft:netherrack":1},"minecraft:dropped":{"minecraft:wheat_seeds":2,"minecraft:golden_horse_armor":2,"byg:red_rock":3,"byg:yellow_birch_sapling":1,"minecraft:light_weighted_pressure_plate":1,"croptopia:grape_seed":2,"minecraft:ink_sac":2,"minecraft:rabbit":1,"minecraft:dark_oak_planks":2,"minecraft:white_wool":2,"minecraft:coarse_dirt":1,"minecraft:clay_ball":8,"byg:palo_verde_sapling":3,"minecraft:stone":16,"minecraft:andesite":2,"minecraft:golden_leggings":1,"minecraft:red_sand":1,"minecraft:wooden_pickaxe":1,"minecraft:magma_cream":1,"minecraft:quartz":9,"minecraft:netherrack":1},"minecraft:picked_up":{"minecraft:crafting_table":4,"lycanitesmobs:quillcharge":2,"minecraft:coarse_dirt":1,"lycanitesmobs:raw_chupacabra_meat":1,"minecraft:clay_ball":12,"croptopia:grape_seed":2,"betteranimalsplus:venisonraw":2,"croptopia:calamari":1,"byg:palo_verde_sapling":2,"byg:red_rock":3,"betteranimalsplus:venisoncooked":4,"minecraft:red_sand":1,"lycanitesmobs:raw_maka_meat":2,"minecraft:furnace":5,"minecraft:stick":7,"minecraft:stone":16,"minecraft:torch":10,"tombstone:grave_dust":1,"minecraft:diorite":2,"lycanitesmobs:equipmentpart_bruchaquill":1,"minecraft:dark_oak_planks":1,"croptopia:grape":1,"byg:yellow_birch_sapling":1,"minecraft:cactus":2,"minecraft:arrow":2,"ars_nouveau:worn_notebook":1,"minecraft:blaze_rod":2,"minecraft:mutton":2,"minecraft:white_wool":2,"minecraft:cobblestone":103,"minecraft:birch_log":13,"minecraft:feather":6,"minecraft:magma_cream":1,"minecraft:andesite":8,"minecraft:leather":19,"lycanitesmobs:raw_krake_meat":10,"minecraft:dirt":1,"tombstone:gift":1,"byg:scoria_cobblestone":12,"minecraft:bone":5,"minecraft:wheat_seeds":1,"minecraft:iron_ore":13,"minecraft:rabbit":1,"minecraft:quartz":18,"minecraft:sand":13,"minecraft:ink_sac":2,"minecraft:dark_oak_log":4,"travelersbackpack:white_sleeping_bag":1,"lycanitesmobs:scorchfireballcharge":5,"minecraft:stone_axe":2,"byg:palo_verde_log":7,"minecraft:golden_horse_armor":1,"minecraft:netherrack":1,"minecraft:coal":15,"minecraft:ender_pearl":1},"minecraft:broken":{"minecraft:golden_helmet":1,"minecraft:wooden_pickaxe":1,"minecraft:stone_axe":1},"minecraft:used":{"minecraft:stone_sword":35,"minecraft:chest":3,"minecraft:torch":7,"minecraft:dirt":1,"minecraft:furnace":7,"tombstone:gift":3,"betteranimalsplus:venisoncooked":2,"croptopia:grape":1,"minecraft:cooked_mutton":2,"minecraft:birch_planks":2,"minecraft:stone_pickaxe":60,"minecraft:cactus":2,"minecraft:wooden_pickaxe":38,"minecraft:golden_apple":1,"minecraft:crafting_table":7,"minecraft:iron_pickaxe":75,"travelersbackpack:white_sleeping_bag":2,"minecraft:stone_axe":86,"minecraft:cobblestone":42,"minecraft:andesite":2,"minecraft:birch_log":3,"alexsmobs:animal_dictionary":5}},"DataVersion":2586}