{"stats":{"minecraft:killed":{"animalium:wild_dog":1,"lycanitesmobs:cephignis":1,"lycanitesmobs:roc":1,"lycanitesmobs:darkling":1,"minecraft:sheep":1,"lycanitesmobs:yale":1,"lycanitesmobs:chupacabra":1,"minecraft:zombie":2,"betteranimalsplus:deer":1,"lycanitesmobs:geonach":5,"lycanitesmobs:jabberwock":1,"lycanitesmobs:afrit":1},"minecraft:killed_by":{"lycanitesmobs:geonach":3,"lycanitesmobs:banshee":1,"minecraft:skeleton":1,"lycanitesmobs:feradon":2,"minecraft:zombie":1,"lycanitesmobs:salamander":1,"lycanitesmobs:darkling":1,"lycanitesmobs:cockatrice":1},"minecraft:crafted":{"betteranimalsplus:venisoncooked":2,"minecraft:crafting_table":3,"minecraft:wooden_pickaxe":2,"minecraft:furnace":2,"minecraft:birch_planks":28,"minecraft:stone_axe":1,"minecraft:cooked_mutton":2,"minecraft:air":0,"minecraft:stick":12,"minecraft:iron_ingot":13,"minecraft:stone_pickaxe":1,"minecraft:stone_sword":1,"minecraft:iron_leggings":1,"minecraft:torch":2,"minecraft:dark_oak_planks":16},"minecraft:custom":{"minecraft:interact_with_furnace":22,"minecraft:mob_kills":18,"minecraft:interact_with_crafting_table":12,"minecraft:play_one_minute":33848,"minecraft:leave_game":2,"minecraft:time_since_death":3544,"minecraft:climb_one_cm":148,"minecraft:time_since_rest":3005,"minecraft:sprint_one_cm":73334,"minecraft:damage_taken":3171,"minecraft:walk_one_cm":73882,"minecraft:drop":19,"minecraft:damage_dealt":2889,"minecraft:fly_one_cm":170713,"minecraft:open_chest":1,"minecraft:crouch_one_cm":16215,"tombstone:undead_killed":3,"minecraft:deaths":11,"minecraft:sneak_time":3826,"minecraft:walk_under_water_one_cm":220,"minecraft:jump":913,"minecraft:walk_on_water_one_cm":1755,"minecraft:fall_one_cm":19720},"minecraft:mined":{"minecraft:dark_oak_log":4,"minecraft:crafting_table":2,"minecraft:grass_block":1,"minecraft:cobblestone":2,"byg:prickly_pear_cactus":1,"minecraft:cactus":2,"minecraft:furnace":3,"minecraft:iron_ore":11,"minecraft:andesite":4,"minecraft:grass":15,"minecraft:coal_ore":1,"minecraft:vine":1,"byg:palo_verde_log":7,"lycanitesmobs:scorchfire":3,"minecraft:stone":34,"minecraft:netherrack":1},"minecraft:dropped":{"minecraft:wheat_seeds":2,"minecraft:golden_horse_armor":2,"minecraft:clay_ball":2,"minecraft:light_weighted_pressure_plate":1,"minecraft:stone":16,"minecraft:ink_sac":2,"minecraft:andesite":2,"minecraft:rabbit":1,"minecraft:wooden_pickaxe":1,"minecraft:magma_cream":1,"minecraft:dark_oak_planks":2,"minecraft:white_wool":1,"minecraft:netherrack":1},"minecraft:picked_up":{"lycanitesmobs:quillcharge":2,"minecraft:crafting_table":2,"lycanitesmobs:raw_chupacabra_meat":1,"minecraft:magma_cream":1,"minecraft:clay_ball":2,"minecraft:andesite":4,"minecraft:leather":9,"betteranimalsplus:venisonraw":2,"byg:palo_verde_sapling":1,"croptopia:calamari":1,"lycanitesmobs:raw_krake_meat":4,"tombstone:gift":1,"betteranimalsplus:venisoncooked":2,"minecraft:bone":1,"minecraft:wheat_seeds":1,"minecraft:iron_ore":13,"minecraft:rabbit":1,"lycanitesmobs:raw_maka_meat":2,"minecraft:furnace":3,"minecraft:stick":2,"minecraft:stone":16,"minecraft:quartz":9,"tombstone:grave_dust":1,"minecraft:ink_sac":2,"lycanitesmobs:equipmentpart_bruchaquill":1,"minecraft:dark_oak_log":4,"minecraft:dark_oak_planks":1,"lycanitesmobs:scorchfireballcharge":5,"minecraft:cactus":2,"minecraft:stone_axe":1,"ars_nouveau:worn_notebook":1,"byg:palo_verde_log":7,"minecraft:golden_horse_armor":1,"minecraft:blaze_rod":2,"minecraft:netherrack":1,"minecraft:mutton":2,"minecraft:coal":13,"minecraft:white_wool":1,"minecraft:cobblestone":51,"minecraft:ender_pearl":1},"minecraft:broken":{"minecraft:wooden_pickaxe":1},"minecraft:used":{"minecraft:cooked_mutton":2,"minecraft:stone_sword":25,"minecraft:birch_planks":2,"minecraft:stone_pickaxe":58,"minecraft:cactus":2,"minecraft:wooden_pickaxe":38,"minecraft:torch":4,"minecraft:crafting_table":5,"minecraft:stone_axe":42,"minecraft:cobblestone":2,"minecraft:furnace":5,"minecraft:andesite":2,"tombstone:gift":3,"alexsmobs:animal_dictionary":4}},"DataVersion":2586}