{"stats":{"minecraft:killed":{"lycanitesmobs:cephignis":1,"lycanitesmobs:roc":1,"lycanitesmobs:geonach":1},"minecraft:killed_by":{"lycanitesmobs:darkling":1,"lycanitesmobs:cockatrice":1,"lycanitesmobs:geonach":1,"minecraft:skeleton":1},"minecraft:crafted":{"minecraft:crafting_table":1,"minecraft:stick":8,"minecraft:wooden_pickaxe":2,"minecraft:stone_pickaxe":1,"minecraft:dark_oak_planks":16,"minecraft:birch_planks":8},"minecraft:custom":{"minecraft:time_since_rest":49,"minecraft:sprint_one_cm":28797,"minecraft:damage_taken":1162,"minecraft:walk_one_cm":23605,"minecraft:mob_kills":3,"minecraft:drop":1,"minecraft:damage_dealt":523,"minecraft:interact_with_crafting_table":3,"minecraft:fly_one_cm":66072,"minecraft:open_chest":1,"minecraft:play_one_minute":12569,"minecraft:crouch_one_cm":6280,"minecraft:deaths":4,"minecraft:sneak_time":2181,"minecraft:jump":347,"minecraft:leave_game":2,"minecraft:time_since_death":648,"minecraft:walk_on_water_one_cm":1098,"minecraft:climb_one_cm":148,"minecraft:fall_one_cm":8755},"minecraft:dropped":{"minecraft:rabbit":1},"minecraft:mined":{"minecraft:cactus":2,"minecraft:iron_ore":4,"minecraft:dark_oak_log":4,"minecraft:andesite":2,"minecraft:grass":3,"minecraft:coal_ore":1,"minecraft:vine":1,"byg:palo_verde_log":2,"minecraft:cobblestone":2,"minecraft:stone":32,"lycanitesmobs:scorchfire":3,"minecraft:netherrack":1},"minecraft:picked_up":{"lycanitesmobs:quillcharge":2,"minecraft:stone":6,"minecraft:magma_cream":1,"minecraft:clay_ball":2,"minecraft:andesite":2,"minecraft:leather":2,"minecraft:quartz":6,"lycanitesmobs:raw_krake_meat":4,"lycanitesmobs:equipmentpart_bruchaquill":1,"minecraft:dark_oak_log":4,"tombstone:gift":1,"minecraft:cactus":2,"lycanitesmobs:scorchfireballcharge":2,"ars_nouveau:worn_notebook":1,"byg:palo_verde_log":2,"minecraft:iron_ore":6,"minecraft:rabbit":1,"minecraft:blaze_rod":2,"minecraft:netherrack":1,"minecraft:coal":3,"minecraft:cobblestone":49},"minecraft:broken":{"minecraft:wooden_pickaxe":1},"minecraft:used":{"minecraft:stone_pickaxe":32,"minecraft:cactus":2,"minecraft:wooden_pickaxe":38,"minecraft:cobblestone":2,"minecraft:crafting_table":1,"minecraft:andesite":2,"tombstone:gift":2,"alexsmobs:animal_dictionary":1}},"DataVersion":2586}