{"stats":{"minecraft:killed":{"lycanitesmobs:krake":3,"animalium:wild_dog":1,"lycanitesmobs:cephignis":1,"alexsmobs:tarantula_hawk":1,"lycanitesmobs:roc":6,"minecraft:spider":3,"lycanitesmobs:darkling":1,"lycanitesmobs:gnekk":1,"lycanitesmobs:volcan":1,"minecraft:skeleton":2,"lycanitesmobs:yale":1,"lycanitesmobs:ent":1,"betteranimalsplus:deer":1,"lycanitesmobs:grue":2,"lycanitesmobs:brucha":1,"minecraft:iron_golem":1,"minecraft:creeper":1,"minecraft:sheep":1,"lycanitesmobs:chupacabra":1,"minecraft:zombie":5,"ars_nouveau:wilden_stalker":1,"lycanitesmobs:geonach":6,"lycanitesmobs:afrit":2,"lycanitesmobs:jabberwock":1},"minecraft:killed_by":{"minecraft:husk":2,"lycanitesmobs:argus":2,"lycanitesmobs:naxiris":2,"lycanitesmobs:krake":2,"minecraft:creeper":1,"lycanitesmobs:herma":1,"lycanitesmobs:feradon":2,"lycanitesmobs:ostimien":1,"lycanitesmobs:salamander":1,"lycanitesmobs:warg":1,"ars_nouveau:wilden_stalker":1,"lycanitesmobs:chupacabra":1,"lycanitesmobs:volcan":3,"lycanitesmobs:geonach":6,"lycanitesmobs:banshee":1,"minecraft:skeleton":4,"minecraft:zombie":3,"lycanitesmobs:grue":2,"lycanitesmobs:darkling":2,"lycanitesmobs:cockatrice":1,"animalium:wild_dog":1},"minecraft:crafted":{"betteranimalsplus:venisoncooked":2,"minecraft:furnace":2,"travelersbackpack:blank_upgrade":4,"minecraft:cooked_mutton":2,"minecraft:glass":25,"travelersbackpack:white_sleeping_bag":1,"minecraft:stone_pickaxe":1,"minecraft:chest":7,"minecraft:dark_oak_planks":16,"travelersbackpack:iron_tier_upgrade":1,"iceandfire:silver_ingot":3,"minecraft:crafting_table":3,"travelersbackpack:backpack_tank":4,"minecraft:wooden_pickaxe":2,"travelersbackpack:standard":1,"minecraft:birch_planks":100,"minecraft:stone_axe":2,"minecraft:bread":23,"minecraft:air":0,"minecraft:iron_chestplate":1,"minecraft:white_wool":4,"minecraft:stick":12,"minecraft:iron_ingot":32,"minecraft:iron_pickaxe":1,"minecraft:wooden_axe":1,"minecraft:stone_sword":1,"minecraft:gold_ingot":4,"minecraft:iron_leggings":1,"minecraft:torch":2},"minecraft:custom":{"minecraft:interact_with_smithing_table":3,"minecraft:mob_kills":48,"minecraft:interact_with_crafting_table":48,"minecraft:open_barrel":3,"minecraft:leave_game":2,"minecraft:time_since_death":3434,"minecraft:climb_one_cm":3222,"minecraft:sprint_one_cm":356716,"minecraft:walk_one_cm":257045,"minecraft:drop":52,"minecraft:talked_to_villager":1,"minecraft:deaths":45,"minecraft:sneak_time":14186,"minecraft:walk_under_water_one_cm":5464,"minecraft:jump":3725,"minecraft:walk_on_water_one_cm":14413,"minecraft:interact_with_furnace":90,"minecraft:play_one_minute":123848,"minecraft:sleep_in_bed":6,"minecraft:time_since_rest":2892,"minecraft:damage_taken":12811,"minecraft:damage_absorbed":40,"tombstone:sneak_grave":8,"minecraft:damage_dealt":10316,"minecraft:swim_one_cm":2080,"minecraft:fly_one_cm":940518,"minecraft:open_chest":89,"minecraft:crouch_one_cm":50202,"tombstone:undead_killed":8,"minecraft:fall_one_cm":91927},"minecraft:mined":{"minecraft:diamond_ore":2,"croptopia:grape_crop":1,"minecraft:dark_oak_log":4,"minecraft:red_sand":1,"minecraft:grass_block":1,"travelersbackpack:white_sleeping_bag":2,"minecraft:sandstone":3,"minecraft:spawner":5,"minecraft:furnace":7,"minecraft:iron_ore":25,"minecraft:andesite":15,"minecraft:enchanting_table":2,"minecraft:vine":5,"minecraft:stone":107,"minecraft:smithing_table":1,"minecraft:polished_granite":1,"minecraft:crafting_table":4,"minecraft:torch":6,"minecraft:chest":1,"minecraft:cobblestone":3,"minecraft:diorite":2,"minecraft:wall_torch":1,"minecraft:birch_planks":3,"byg:prickly_pear_cactus":1,"minecraft:cactus":4,"byg:scoria_stone":12,"minecraft:birch_log":19,"byg:short_grass":3,"minecraft:grass":46,"minecraft:coal_ore":22,"byg:palo_verde_log":7,"minecraft:sand":26,"minecraft:dirt":1,"ars_nouveau:arcane_ore":4,"lycanitesmobs:scorchfire":4,"minecraft:netherrack":1,"minecraft:gold_ore":4,"minecraft:oak_leaves":2},"minecraft:dropped":{"minecraft:bread":22,"minecraft:wheat_seeds":9,"minecraft:golden_horse_armor":2,"byg:red_rock":3,"minecraft:granite":6,"byg:yellow_birch_sapling":1,"minecraft:cobblestone_stairs":1,"minecraft:light_weighted_pressure_plate":1,"minecraft:diorite":2,"croptopia:grape_seed":2,"minecraft:ink_sac":2,"tombstone:grave_key":2,"minecraft:rabbit":1,"minecraft:oak_stairs":3,"minecraft:dark_oak_planks":2,"minecraft:white_wool":2,"minecraft:bone":2,"minecraft:coarse_dirt":1,"minecraft:clay_ball":8,"byg:palo_verde_sapling":3,"minecraft:stone":16,"byg:rocky_stone":3,"minecraft:andesite":5,"minecraft:golden_leggings":1,"minecraft:glass":1,"minecraft:arrow":2,"minecraft:red_sand":1,"minecraft:wooden_pickaxe":1,"minecraft:magma_cream":1,"minecraft:quartz":9,"minecraft:polished_granite":1,"minecraft:netherrack":1},"minecraft:picked_up":{"minecraft:crafting_table":4,"lycanitesmobs:quillcharge":4,"minecraft:coarse_dirt":1,"lycanitesmobs:raw_chupacabra_meat":1,"minecraft:clay_ball":12,"croptopia:grape_seed":2,"minecraft:smithing_table":1,"minecraft:oak_stairs":3,"betteranimalsplus:venisonraw":2,"lycanitesmobs:magmacharge":2,"tombstone:grave_key":1,"croptopia:calamari":1,"byg:palo_verde_sapling":2,"minecraft:shield":1,"byg:red_rock":3,"betteranimalsplus:venisoncooked":4,"ars_nouveau:mana_gem":4,"minecraft:red_sand":2,"minecraft:poppy":2,"minecraft:chest":1,"lycanitesmobs:raw_maka_meat":2,"minecraft:furnace":7,"minecraft:stick":7,"minecraft:sandstone":3,"minecraft:stone":16,"minecraft:torch":10,"tombstone:grave_dust":1,"minecraft:diorite":2,"lycanitesmobs:equipmentpart_bruchaquill":2,"minecraft:dark_oak_planks":1,"croptopia:grape":1,"byg:yellow_birch_sapling":1,"minecraft:cactus":4,"minecraft:arrow":2,"ars_nouveau:worn_notebook":1,"lycanitesmobs:chaosorbcharge":4,"minecraft:blaze_rod":2,"minecraft:obsidian":3,"minecraft:mutton":2,"byg:rocky_stone":3,"minecraft:white_wool":2,"minecraft:cobblestone":143,"minecraft:enchanting_table":2,"minecraft:birch_log":21,"minecraft:feather":10,"minecraft:magma_cream":1,"minecraft:andesite":17,"minecraft:leather":20,"minecraft:birch_planks":18,"minecraft:cobblestone_stairs":1,"lycanitesmobs:raw_krake_meat":10,"minecraft:dirt":1,"minecraft:lantern":2,"tombstone:gift":1,"minecraft:polished_granite":2,"byg:scoria_cobblestone":12,"minecraft:bone":9,"minecraft:wheat_seeds":12,"lycanitesmobs:poisongland":1,"minecraft:iron_ingot":4,"minecraft:iron_ore":33,"minecraft:rabbit":1,"minecraft:oak_planks":1,"minecraft:quartz":18,"lycanitesmobs:equipmentpart_grueclaw":1,"minecraft:sand":26,"minecraft:ink_sac":2,"minecraft:gold_ore":4,"minecraft:dark_oak_log":4,"travelersbackpack:white_sleeping_bag":2,"lycanitesmobs:scorchfireballcharge":7,"minecraft:slime_ball":1,"minecraft:diamond":2,"minecraft:stone_axe":2,"byg:palo_verde_log":7,"minecraft:granite":8,"minecraft:bread":22,"minecraft:golden_horse_armor":1,"minecraft:netherrack":1,"minecraft:coal":38,"minecraft:ender_pearl":3},"minecraft:broken":{"minecraft:golden_helmet":1,"minecraft:wooden_pickaxe":1,"minecraft:stone_axe":2},"minecraft:used":{"minecraft:enchanting_table":3,"minecraft:red_sand":1,"minecraft:stone_sword":79,"minecraft:chest":6,"minecraft:torch":13,"tombstone:scroll_of_preservation":1,"minecraft:dirt":1,"minecraft:granite":2,"minecraft:furnace":9,"tombstone:gift":4,"betteranimalsplus:venisoncooked":2,"croptopia:grape":1,"minecraft:cooked_mutton":2,"minecraft:birch_planks":5,"minecraft:stone_pickaxe":60,"minecraft:cactus":4,"minecraft:ender_pearl":2,"minecraft:wooden_pickaxe":38,"minecraft:salmon":4,"minecraft:golden_apple":1,"minecraft:sand":1,"minecraft:crafting_table":7,"minecraft:bread":9,"minecraft:iron_pickaxe":187,"travelersbackpack:white_sleeping_bag":2,"minecraft:polished_granite":1,"tombstone:grave_key":1,"minecraft:stone_axe":160,"minecraft:potion":1,"minecraft:cobblestone":104,"minecraft:smithing_table":1,"minecraft:andesite":12,"minecraft:birch_log":3,"alexsmobs:animal_dictionary":5}},"DataVersion":2586}